City_ID,City,Country,Date,Lat,Lng,Max Temp,Humidity,Cloudiness,Wind Speed
0,Bredasdorp,ZA,2021-07-20 03:10:10,-34.5322,20.0403,48.27,93,100,5.86
1,Port Elizabeth,ZA,2021-07-20 03:10:10,-33.918,25.5701,53.1,87,100,8.39
2,Provideniya,RU,2021-07-20 03:05:55,64.3833,-173.3,50.11,81,90,8.95
3,Baykit,RU,2021-07-20 03:10:11,61.67,96.37,58.08,91,99,5.28
4,Upernavik,GL,2021-07-20 03:10:11,72.7868,-56.1549,40.96,98,100,8.08
5,Kaeo,NZ,2021-07-20 03:10:12,-35.1,173.7833,60.33,77,60,7.23
6,Ushuaia,AR,2021-07-20 03:10:12,-54.8,-68.3,37.06,87,40,2.3
7,Tasiilaq,GL,2021-07-20 03:05:40,65.6145,-37.6368,41.16,97,100,8.88
8,Pochutla,MX,2021-07-20 03:10:13,15.7432,-96.4661,83.25,89,97,4.59
9,Lebu,CL,2021-07-20 03:10:13,-37.6167,-73.65,52.02,92,91,9.93
10,Yellowknife,CA,2021-07-20 03:10:13,62.456,-114.3525,66.29,63,53,5.99
11,Tiksi,RU,2021-07-20 03:10:14,71.6872,128.8694,51.73,89,100,17.29
12,Quime,BO,2021-07-20 03:10:14,-16.9833,-67.2167,45.1,90,100,2.08
13,Cape Town,ZA,2021-07-20 03:10:15,-33.9258,18.4232,53.11,86,99,1.99
14,Atuona,PF,2021-07-20 03:10:15,-9.8,-139.0333,77.02,75,40,27.02
15,Punta Arenas,CL,2021-07-20 03:10:16,-53.15,-70.9167,41.11,81,40,31.07
16,Chokurdakh,RU,2021-07-20 03:05:39,70.6333,147.9167,51.78,78,100,10.6
17,Port Lincoln,AU,2021-07-20 03:05:59,-34.7333,135.8667,55.09,49,68,20.85
18,Tuatapere,NZ,2021-07-20 03:10:16,-46.1333,167.6833,46.81,73,100,5.23
19,Asau,RO,2021-07-20 03:10:17,46.4333,26.4,67.39,89,96,0.87
20,Otane,NZ,2021-07-20 03:10:17,-39.8833,176.6333,58.39,65,19,3.15
21,Kavieng,PG,2021-07-20 03:10:17,-2.5744,150.7967,83.86,71,98,8.5
22,Puerto Ayora,EC,2021-07-20 03:10:18,-0.7393,-90.3518,72.55,91,73,5.01
23,Kawalu,ID,2021-07-20 03:10:18,-7.3817,108.2082,83.73,65,58,3.42
24,Lompoc,US,2021-07-20 03:10:18,34.6391,-120.4579,79.79,88,1,8.05
25,Mataura,NZ,2021-07-20 03:10:19,-46.1927,168.8643,46.47,79,100,3.15
26,Avarua,CK,2021-07-20 03:10:19,-21.2078,-159.775,78.85,78,75,13.8
27,Bluff,NZ,2021-07-20 03:10:20,-46.6,168.3333,46.8,72,100,9.57
28,Cockburn Town,TC,2021-07-20 03:10:20,21.4612,-71.1419,81.72,85,3,21.85
29,Taltal,CL,2021-07-20 03:10:21,-25.4,-70.4833,59.5,70,23,4.21
30,Cherskiy,RU,2021-07-20 03:10:21,68.75,161.3,62.49,38,100,8.03
31,Torbay,CA,2021-07-20 03:05:34,47.6666,-52.7314,63.28,87,100,6.2
32,Qaanaaq,GL,2021-07-20 03:10:22,77.484,-69.3632,37.74,78,99,2.21
33,Jamestown,US,2021-07-20 03:09:58,42.097,-79.2353,69.44,85,40,1.99
34,Kidal,ML,2021-07-20 03:10:22,18.4411,1.4078,90.75,42,92,13.4
35,Hermanus,ZA,2021-07-20 03:10:23,-34.4187,19.2345,51.91,82,100,0.76
36,Georgetown,MY,2021-07-20 03:06:06,5.4112,100.3354,87.73,76,20,3.44
37,Hilo,US,2021-07-20 03:10:23,19.7297,-155.09,80.33,71,20,5.75
38,Xiangxiang,CN,2021-07-20 03:10:24,27.7333,112.5333,89.31,63,100,5.35
39,Kenai,US,2021-07-20 03:10:24,60.5544,-151.2583,68.02,83,40,17.27
40,Samarai,PG,2021-07-20 03:10:24,-10.6167,150.6667,80.51,71,100,12.55
41,Halifax,CA,2021-07-20 03:06:53,44.6453,-63.5724,70.41,93,100,3.0
42,Albany,US,2021-07-20 03:10:13,42.6001,-73.9662,69.73,94,22,4.38
43,Daru,PG,2021-07-20 03:10:25,-9.0763,143.2092,80.73,74,53,13.91
44,Tupik,RU,2021-07-20 03:10:25,54.4253,119.9327,72.75,65,70,3.76
45,Safford,US,2021-07-20 03:10:26,32.834,-109.7076,88.72,42,1,8.05
46,Egvekinot,RU,2021-07-20 03:10:26,66.3167,-179.1667,37.33,85,100,8.72
47,Bereda,ES,2021-07-20 03:10:27,43.2686,-7.5406,60.91,87,61,0.31
48,Yerbogachen,RU,2021-07-20 03:10:27,61.2767,108.0108,76.19,38,26,1.66
49,Norman Wells,CA,2021-07-20 03:10:27,65.282,-126.8329,71.82,51,100,5.55
50,Tuktoyaktuk,CA,2021-07-20 03:05:58,69.4541,-133.0374,57.67,73,36,10.27
51,Mahibadhoo,MV,2021-07-20 03:10:28,3.7833,72.9667,83.17,70,55,8.66
52,Ucluelet,CA,2021-07-20 03:07:06,48.9329,-125.5528,72.05,86,0,3.78
53,Rikitea,PF,2021-07-20 03:10:28,-23.1203,-134.9692,70.99,69,100,26.11
54,Mount Isa,AU,2021-07-20 03:10:29,-20.7333,139.5,71.37,20,79,8.05
55,Isangel,VU,2021-07-20 03:06:47,-19.55,169.2667,77.88,78,51,3.65
56,Codrington,AU,2021-07-20 03:10:29,-38.2667,141.9667,49.37,62,100,28.5
57,Bogande,BF,2021-07-20 03:10:30,12.9714,-0.1436,81.82,65,71,12.75
58,Lavrentiya,RU,2021-07-20 03:10:30,65.5833,-171.0,45.72,98,100,3.8
59,Kunda,IN,2021-07-20 03:10:31,25.7167,81.5167,91.38,55,100,8.34
60,Aswan,EG,2021-07-20 03:10:31,24.0934,32.907,92.32,15,41,10.31
61,Kungurtug,RU,2021-07-20 03:10:31,50.5994,97.5228,74.48,39,17,1.05
62,Kahului,US,2021-07-20 03:10:32,20.8947,-156.47,84.22,70,40,28.77
63,Port Hardy,CA,2021-07-20 03:10:32,50.6996,-127.4199,59.77,82,32,9.55
64,Tumbagaan,PH,2021-07-20 03:10:33,5.3656,120.3139,84.96,66,30,5.64
65,Busselton,AU,2021-07-20 03:10:33,-33.65,115.3333,56.08,76,100,17.56
66,Nampula,MZ,2021-07-20 03:10:33,-15.1165,39.2666,58.66,98,42,3.94
67,Igarka,RU,2021-07-20 03:10:34,67.4667,86.5833,57.02,52,0,7.9
68,Kodiak,US,2021-07-20 03:10:35,57.79,-152.4072,65.71,63,1,10.36
69,Ozinki,RU,2021-07-20 03:10:35,51.1786,49.6769,83.16,41,6,3.06
70,Nanakuli,US,2021-07-20 03:10:35,21.3906,-158.1547,84.15,73,90,8.05
71,Lukovetskiy,RU,2021-07-20 03:10:36,64.2956,41.9211,57.18,62,95,6.69
72,Luis Correia,BR,2021-07-20 03:10:36,-2.8792,-41.6669,78.22,82,15,9.57
73,Ribeira Grande,PT,2021-07-20 03:05:47,38.5167,-28.7,70.12,90,97,24.11
74,Eenhana,NA,2021-07-20 03:10:36,-17.4667,16.3333,50.5,37,0,7.14
75,Flin Flon,CA,2021-07-20 03:10:37,54.7682,-101.865,62.51,59,0,3.58
76,Kerema,PG,2021-07-20 03:10:37,-7.9631,145.7785,82.36,76,48,7.76
77,Port Macquarie,AU,2021-07-20 03:10:26,-31.4333,152.9167,63.9,34,10,6.69
78,Buala,SB,2021-07-20 03:10:38,-8.145,159.5921,84.45,69,100,7.54
79,Pevek,RU,2021-07-20 03:10:38,69.7008,170.3133,37.63,82,6,11.21
80,Santiago Del Estero,AR,2021-07-20 03:10:39,-27.7951,-64.2615,46.8,31,0,7.4
81,Alofi,NU,2021-07-20 03:06:14,-19.0595,-169.9187,80.49,74,40,10.36
82,Kaitangata,NZ,2021-07-20 03:10:39,-46.2817,169.8464,49.93,65,100,3.09
83,Port Alfred,ZA,2021-07-20 03:10:40,-33.5906,26.891,58.06,87,100,8.01
84,Waingapu,ID,2021-07-20 03:10:40,-9.6567,120.2641,86.32,55,17,12.64
85,Steamboat Springs,US,2021-07-20 03:10:40,40.485,-106.8317,82.96,30,1,21.85
86,Ilo,PE,2021-07-20 03:10:41,-17.6394,-71.3375,59.59,83,11,3.85
87,Coquimbo,CL,2021-07-20 03:10:41,-29.9533,-71.3436,47.93,100,75,5.75
88,Barrow,US,2021-07-20 03:10:42,71.2906,-156.7887,46.42,87,90,6.91
89,Khatanga,RU,2021-07-20 03:10:42,71.9667,102.5,53.87,81,100,3.24
90,Zhigansk,RU,2021-07-20 03:10:42,66.7697,123.3711,67.89,59,56,5.01
91,San Quintin,MX,2021-07-20 03:09:55,30.4833,-115.95,71.15,78,0,10.96
92,Nelson Bay,AU,2021-07-20 03:10:43,-32.7167,152.15,61.0,53,13,4.0
93,Lorengau,PG,2021-07-20 03:06:55,-2.0226,147.2712,83.19,71,98,4.7
94,Anadyr,RU,2021-07-20 03:10:43,64.75,177.4833,48.7,93,90,8.01
95,Lagoa,PT,2021-07-20 03:10:44,39.05,-27.9833,69.22,87,98,28.48
96,San Patricio,US,2021-07-20 03:10:45,28.017,-97.5169,84.85,74,100,9.22
97,Neiafu,TO,2021-07-20 03:10:45,-18.65,-173.9833,81.28,78,40,9.22
98,Sorland,NO,2021-07-20 03:10:45,67.667,12.6934,48.85,84,100,28.54
99,Uray,RU,2021-07-20 03:10:46,60.1247,64.7758,70.45,58,34,4.34
100,Castro,BR,2021-07-20 03:10:46,-24.7911,-50.0119,36.91,64,21,3.31
101,Saskylakh,RU,2021-07-20 03:10:46,71.9167,114.0833,57.31,73,99,13.49
102,Pisco,PE,2021-07-20 03:10:47,-13.7,-76.2167,62.65,82,90,6.91
103,Luena,AO,2021-07-20 03:10:47,-11.7833,19.9167,47.66,61,41,3.2
104,Hithadhoo,MV,2021-07-20 03:10:48,-0.6,73.0833,81.5,72,84,5.91
105,Atar,MR,2021-07-20 03:10:48,20.5169,-13.0499,89.2,30,73,3.15
106,Padang,ID,2021-07-20 03:07:19,-0.9492,100.3543,84.25,65,97,3.13
107,Hambantota,LK,2021-07-20 03:10:49,6.1241,81.1185,83.86,69,80,20.22
108,Bambous Virieux,MU,2021-07-20 03:10:49,-20.3428,57.7575,70.21,63,7,19.69
109,Mukhen,RU,2021-07-20 03:10:49,48.1,136.1,90.36,40,39,2.73
110,Esperance,AU,2021-07-20 03:10:50,-33.8667,121.9,57.42,71,100,14.99
111,Teitipac,MX,2021-07-20 03:10:50,16.9458,-96.6092,62.22,85,63,6.11
112,Sechura,PE,2021-07-20 03:10:51,-5.5569,-80.8222,66.02,77,0,11.81
113,Starosubkhangulovo,RU,2021-07-20 03:10:51,53.1031,57.4423,69.8,66,3,1.59
114,New Norfolk,AU,2021-07-20 03:10:51,-42.7826,147.0587,48.58,61,99,5.32
115,Umm Lajj,SA,2021-07-20 03:10:52,25.0213,37.2685,85.12,73,30,5.7
116,Abbeville,FR,2021-07-20 03:10:53,50.1,1.8333,63.28,93,0,4.45
117,Sao Goncalo Do Amarante,BR,2021-07-20 03:10:53,-3.6072,-38.9683,80.64,89,12,6.29
118,Hobart,AU,2021-07-20 03:08:42,-42.8794,147.3294,48.92,69,75,1.99
119,East London,ZA,2021-07-20 03:10:53,-33.0153,27.9116,58.66,80,55,5.93
120,Beloha,MG,2021-07-20 03:07:17,-25.1667,45.05,67.19,71,75,10.85
121,Saldanha,ZA,2021-07-20 03:06:08,-33.0117,17.9442,55.22,73,100,18.92
122,Hay River,CA,2021-07-20 03:10:54,60.8156,-115.7999,61.07,70,100,2.66
123,Flinders,AU,2021-07-20 03:10:55,-34.5833,150.8552,59.2,59,75,4.0
124,Vaini,TO,2021-07-20 03:10:55,-21.2,-175.2,82.56,83,20,5.75
125,Boden,SE,2021-07-20 03:10:55,65.8252,21.6886,50.0,66,34,10.25
126,Prado,BR,2021-07-20 03:10:56,-17.3411,-39.2208,72.16,90,1,4.94
127,Saint-Philippe,RE,2021-07-20 03:10:56,-21.3585,55.7679,67.59,76,75,16.26
128,Sistranda,NO,2021-07-20 03:10:57,63.7256,8.834,51.91,81,99,18.1
129,Bethel,US,2021-07-20 03:06:32,41.3712,-73.414,71.49,90,7,2.48
130,Axim,GH,2021-07-20 03:10:57,4.8699,-2.2405,75.9,80,96,9.82
131,Rockport,US,2021-07-20 03:06:01,28.0206,-97.0544,85.01,81,1,1.99
132,Portland,US,2021-07-20 03:07:43,45.5234,-122.6762,82.72,43,20,3.0
133,Mopipi,BW,2021-07-20 03:10:58,-21.1833,24.8833,45.63,65,0,7.7
134,Mattru,SL,2021-07-20 03:10:58,7.6244,-11.8332,73.15,98,98,2.51
135,Arraial Do Cabo,BR,2021-07-20 03:10:59,-22.9661,-42.0278,65.79,57,26,27.6
136,Walvis Bay,NA,2021-07-20 03:10:59,-22.9575,14.5053,54.09,75,3,12.59
137,Henties Bay,NA,2021-07-20 03:10:59,-22.116,14.2845,53.85,85,0,9.04
138,Chuy,UY,2021-07-20 03:11:00,-33.6971,-53.4616,41.16,89,0,5.93
139,Castlegar,CA,2021-07-20 03:11:00,49.2998,-117.6689,84.11,35,100,2.39
140,Itacare,BR,2021-07-20 03:11:01,-14.2775,-38.9967,72.18,94,27,1.88
141,Fostoria,US,2021-07-20 03:11:01,41.157,-83.4169,74.46,88,0,5.66
142,Avera,US,2021-07-20 03:06:27,33.194,-82.5271,77.72,88,100,0.85
143,Severo-Kurilsk,RU,2021-07-20 03:11:02,50.6789,156.125,51.78,94,99,6.58
144,Kapaa,US,2021-07-20 03:11:02,22.0752,-159.319,85.98,75,20,5.99
145,Butaritari,KI,2021-07-20 03:11:03,3.0707,172.7902,81.41,80,100,13.73
146,Dikson,RU,2021-07-20 03:11:03,73.5069,80.5464,39.92,80,48,8.57
147,Kalmeshwar,IN,2021-07-20 03:11:03,21.2333,78.9,80.22,76,100,14.0
148,Dunedin,NZ,2021-07-20 03:11:04,-45.8742,170.5036,48.79,71,100,8.01
149,Waitati,NZ,2021-07-20 03:11:04,-45.75,170.5667,48.79,71,97,6.15
150,Kota Belud,MY,2021-07-20 03:11:05,6.351,116.4305,80.46,57,87,7.76
151,Punta De Piedra,VE,2021-07-20 03:11:05,7.6176,-71.4916,69.31,97,89,3.22
152,Pangnirtung,CA,2021-07-20 03:11:06,66.1451,-65.7125,40.3,98,100,4.63
153,The Valley,AI,2021-07-20 03:11:06,18.217,-63.0578,82.09,75,31,18.59
154,North Platte,US,2021-07-20 03:10:56,41.1239,-100.7654,74.98,82,1,5.01
155,Puerto Quijarro,BO,2021-07-20 03:11:07,-17.7833,-57.7667,56.68,20,4,3.58
156,Horodyshche,UA,2021-07-20 03:11:07,49.2849,31.4451,66.58,94,66,4.92
157,Carnarvon,AU,2021-07-20 03:06:32,-24.8667,113.6333,74.84,72,73,20.65
158,Broken Hill,AU,2021-07-20 03:11:08,-31.95,141.4333,58.98,46,98,26.46
159,Vanino,RU,2021-07-20 03:11:08,49.0869,140.2543,78.87,52,58,7.16
160,Mount Gambier,AU,2021-07-20 03:11:08,-37.8333,140.7667,51.71,58,40,24.16
161,Vanavara,RU,2021-07-20 03:11:09,60.34,102.2797,73.96,52,23,5.57
162,Tilichiki,RU,2021-07-20 03:11:09,60.4667,166.1,65.23,46,3,17.31
163,Viedma,AR,2021-07-20 03:11:09,-40.8135,-62.9967,49.78,31,63,9.6
164,Stuttgart,DE,2021-07-20 03:11:02,48.7823,9.177,60.93,88,0,3.44
165,Narsaq,GL,2021-07-20 03:11:10,60.9167,-46.05,44.82,92,99,2.01
166,Hasaki,JP,2021-07-20 03:11:10,35.7333,140.8333,95.29,72,36,9.71
167,Bengkulu,ID,2021-07-20 03:11:11,-3.8004,102.2655,82.38,69,69,3.18
168,Vila Franca Do Campo,PT,2021-07-20 03:11:11,37.7167,-25.4333,70.21,88,89,11.03
169,San Carlos De Bariloche,AR,2021-07-20 03:08:51,-41.1456,-71.3082,49.75,71,40,19.57
170,Dudinka,RU,2021-07-20 03:11:11,69.4058,86.1778,55.27,53,99,8.14
171,Volokolamsk,RU,2021-07-20 03:11:12,56.0336,35.9694,59.0,84,59,5.1
172,Souillac,MU,2021-07-20 03:11:12,-20.5167,57.5167,70.36,65,0,19.62
173,Saint-Joseph,RE,2021-07-20 03:11:13,-21.3667,55.6167,66.58,75,42,17.0
174,Maniitsoq,GL,2021-07-20 03:11:13,65.4167,-52.9,42.31,92,100,20.45
175,Trincomalee,LK,2021-07-20 03:11:13,8.5711,81.2335,82.67,73,97,20.36
176,Ulaangom,MN,2021-07-20 03:11:14,49.9811,92.0667,71.19,46,4,5.59
177,Ixtapa,MX,2021-07-20 03:07:23,20.7,-105.2,80.22,82,92,5.99
178,Batsfjord,NO,2021-07-20 03:11:14,70.6345,29.7185,44.82,81,20,21.88
179,Ausa,ES,2021-07-20 03:11:15,41.9271,2.2497,73.35,77,0,2.44
180,Aksu,CN,2021-07-20 03:11:15,41.1231,80.2644,75.13,50,36,2.48
181,Hofn,IS,2021-07-20 03:11:15,64.2539,-15.2082,51.67,86,19,5.19
182,Campobello Di Mazara,IT,2021-07-20 03:11:16,37.6358,12.7443,72.36,90,0,6.82
183,Olga,RU,2021-07-20 03:11:16,43.7444,135.2892,82.85,64,7,5.21
184,Mumford,GH,2021-07-20 03:11:16,5.2618,-0.759,75.29,86,100,10.07
185,Lata,PT,2021-07-20 03:11:17,40.1629,-8.3327,62.92,87,100,3.62
186,Dhidhdhoo,MV,2021-07-20 03:07:43,6.8833,73.1,82.69,75,99,10.22
187,Turukhansk,RU,2021-07-20 03:11:17,65.8167,87.9833,59.05,53,0,9.33
188,Fergus Falls,US,2021-07-20 03:11:18,46.283,-96.0776,72.32,94,1,4.61
189,Maxixe,MZ,2021-07-20 03:11:18,-23.8597,35.3472,62.87,93,15,5.5
190,Mopti,ML,2021-07-20 03:11:19,14.6667,-4.0,85.37,51,100,12.01
191,Strezhevoy,RU,2021-07-20 03:11:19,60.7333,77.5889,66.18,75,95,8.72
192,Rio Grande,BR,2021-07-20 03:11:19,-32.035,-52.0986,40.95,86,0,10.85
193,Pauini,BR,2021-07-20 03:11:20,-7.7136,-66.9764,68.72,71,1,2.86
194,Leningradskiy,RU,2021-07-20 03:11:20,69.3833,178.4167,38.12,91,100,5.41
195,Clyde River,CA,2021-07-20 03:11:20,70.4692,-68.5914,36.81,76,100,6.13
196,Pitimbu,BR,2021-07-20 03:11:21,-7.4706,-34.8086,75.79,82,22,10.07
197,El Dovio,CO,2021-07-20 03:11:21,4.5079,-76.2362,63.27,96,61,3.38
198,Mizan Teferi,ET,2021-07-20 03:11:21,6.9833,35.5833,60.19,99,100,0.78
199,Batman,TR,2021-07-20 03:11:22,37.8874,41.1322,69.6,56,0,6.91
200,Licheng,CN,2021-07-20 03:11:22,23.2955,113.8284,85.93,70,100,9.04
201,Panguna,PG,2021-07-20 03:11:23,-6.3164,155.4848,81.0,64,75,3.27
202,Tateyama,JP,2021-07-20 03:11:23,34.9833,139.8667,91.42,72,9,7.0
203,Nikolskoye,RU,2021-07-20 03:11:23,59.7035,30.7861,60.69,83,6,5.97
204,Oyama,JP,2021-07-20 03:11:24,36.3,139.8,94.89,41,80,3.78
205,Ignacio Zaragoza,MX,2021-07-20 03:11:24,28.3833,-107.2167,66.74,42,96,11.39
206,Oistins,BB,2021-07-20 03:11:25,13.0667,-59.5333,80.69,78,40,23.02
207,Acandi,CO,2021-07-20 03:11:25,8.5063,-77.2778,78.13,92,11,3.67
208,Sakakah,SA,2021-07-20 03:11:26,29.9697,40.2064,89.31,15,56,4.43
209,Huangmei,CN,2021-07-20 03:11:26,30.1924,116.025,87.89,67,83,5.68
210,Bandarawela,LK,2021-07-20 03:11:26,6.8305,80.9888,71.38,62,98,3.58
211,Half Moon Bay,US,2021-07-20 03:11:27,37.4636,-122.4286,78.42,78,20,11.5
212,Namatanai,PG,2021-07-20 03:11:27,-3.6667,152.4333,83.3,71,92,6.2
213,Huzhou,CN,2021-07-20 03:10:31,30.8703,120.0933,93.97,65,33,14.61
214,Karratha,AU,2021-07-20 03:11:28,-20.7377,116.8463,80.74,31,89,5.37
215,Inirida,CO,2021-07-20 03:11:28,3.8653,-67.9239,71.98,98,93,3.15
216,Kieta,PG,2021-07-20 03:11:29,-6.2167,155.6333,84.25,71,86,4.81
217,Shrewsbury,GB,2021-07-20 03:11:29,52.7101,-2.7521,67.48,91,0,2.59
218,Longyearbyen,SJ,2021-07-20 03:11:29,78.2186,15.6401,42.64,75,75,5.75
219,Correderos,HN,2021-07-20 03:11:30,15.4167,-88.45,75.31,97,53,0.65
220,Basse,DE,2021-07-20 03:11:30,52.5518,9.5069,58.06,88,75,2.3
221,Neftcala,AZ,2021-07-20 03:11:30,39.3742,49.2472,82.31,78,0,7.49
222,San Mateo Del Mar,MX,2021-07-20 03:11:31,16.2,-95.0,83.08,72,11,30.2
223,Ordzhonikidze,KZ,2021-07-20 03:11:31,52.4411,61.7408,69.31,68,0,8.21
224,Puerto Escondido,MX,2021-07-20 03:11:32,15.85,-97.0667,85.03,65,75,0.0
225,Boende,CD,2021-07-20 03:11:32,-0.2167,20.8667,71.02,77,46,2.46
226,Vestmannaeyjar,IS,2021-07-20 03:11:33,63.4427,-20.2734,51.85,92,100,13.53
227,Whitehorse,CA,2021-07-20 03:11:33,60.7161,-135.0538,73.31,29,66,3.98
228,Shahr-E Babak,IR,2021-07-20 03:11:34,30.1165,55.1186,78.42,20,72,4.97
229,Katherine,AU,2021-07-20 03:11:35,-14.4667,132.2667,80.92,26,67,12.66
230,Swellendam,ZA,2021-07-20 03:11:35,-34.0226,20.4417,50.23,92,100,3.6
231,Huacho,PE,2021-07-20 03:11:36,-11.1067,-77.605,63.09,82,16,8.95
232,Bathsheba,BB,2021-07-20 03:11:36,13.2167,-59.5167,81.21,78,40,23.02
233,Thompson,CA,2021-07-20 03:11:37,55.7435,-97.8558,60.85,47,2,4.29
234,Marfino,RU,2021-07-20 03:11:37,55.7028,37.3822,67.28,88,0,8.95
235,Kloulklubed,PW,2021-07-20 03:11:37,7.0419,134.2556,84.7,72,90,7.87
236,Cabo San Lucas,MX,2021-07-20 03:11:38,22.8909,-109.9124,88.81,72,20,10.38
237,Elko,US,2021-07-20 03:11:38,41.0002,-115.5012,73.81,50,100,7.0
238,Tibu,CO,2021-07-20 03:11:39,8.639,-72.7358,71.96,96,78,2.01
239,Cabedelo,BR,2021-07-20 03:11:39,-6.9811,-34.8339,75.87,83,23,11.21
240,Honiton,GB,2021-07-20 03:11:39,50.7996,-3.189,67.08,85,0,3.2
241,Vardo,NO,2021-07-20 03:11:40,70.3705,31.1107,44.8,71,71,17.96
242,Ler,SS,2021-07-20 03:11:40,8.3018,30.1418,70.56,96,99,5.66
243,Acala,MX,2021-07-20 03:11:41,16.5667,-92.8,77.22,92,26,3.85
244,Fayaoue,NC,2021-07-20 03:11:41,-20.65,166.5333,73.85,80,2,9.22
245,Vanimo,PG,2021-07-20 03:11:41,-2.6741,141.3028,82.27,79,100,1.68
246,Kutum,SD,2021-07-20 03:11:42,14.2,24.6667,73.6,68,78,13.58
247,Russell,US,2021-07-20 03:11:42,32.3502,-85.1999,76.23,90,90,3.44
248,Samoded,RU,2021-07-20 03:11:43,63.6083,40.5111,58.08,60,99,8.03
249,Fallon,US,2021-07-20 03:11:43,39.4735,-118.7774,83.98,44,90,8.05
250,Bochnia,PL,2021-07-20 03:11:43,49.9691,20.4303,63.52,88,93,4.88
251,Fort Nelson,CA,2021-07-20 03:11:44,58.8053,-122.7002,65.44,64,100,1.88
252,Geraldton,AU,2021-07-20 03:11:44,-28.7667,114.6,57.61,88,75,23.02
253,Oranjestad,AW,2021-07-20 03:11:45,12.524,-70.027,82.35,78,20,16.11
254,Comodoro Rivadavia,AR,2021-07-20 03:11:45,-45.8667,-67.5,53.44,56,84,28.07
255,Malmesbury,ZA,2021-07-20 03:11:46,-33.4608,18.7271,51.8,85,100,5.95
256,Sioux Lookout,CA,2021-07-20 03:06:51,50.1001,-91.917,59.38,79,5,5.91
257,Sitka,US,2021-07-20 03:07:57,57.0531,-135.33,62.49,72,75,17.27
258,Siniscola,IT,2021-07-20 03:11:46,40.5719,9.6922,69.35,57,0,5.79
259,Roald,NO,2021-07-20 03:11:47,62.5833,6.1333,57.9,93,90,9.22
260,Goure,NE,2021-07-20 03:11:47,13.9835,10.2704,80.02,60,2,10.0
261,Posta Calnau,RO,2021-07-20 03:11:48,45.2333,26.85,67.51,87,3,8.88
262,Kruisfontein,ZA,2021-07-20 03:11:48,-34.0033,24.7314,50.88,83,100,5.79
263,Namibe,AO,2021-07-20 03:11:48,-15.1961,12.1522,66.81,88,3,8.88
264,Urubicha,BO,2021-07-20 03:11:49,-15.3833,-62.95,59.05,40,64,3.09
265,Sao Joao Da Barra,BR,2021-07-20 03:11:49,-21.6403,-41.0511,65.16,54,40,15.77
266,San Martin,AR,2021-07-20 03:11:50,-33.081,-68.4681,45.55,33,0,1.95
267,Nakhon Si Thammarat,TH,2021-07-20 03:11:50,8.25,100.0,91.42,55,83,10.45
268,Sarankhola,BD,2021-07-20 03:10:44,22.3082,89.7897,81.12,89,100,5.41
269,Yanam,IN,2021-07-20 03:11:51,16.7333,82.2167,84.6,74,100,11.63
270,Osa,RU,2021-07-20 03:11:51,57.2829,55.4567,70.86,66,46,4.54
271,Ancud,CL,2021-07-20 03:11:52,-41.8697,-73.8203,51.33,95,100,4.23
272,Saint-Hyacinthe,CA,2021-07-20 03:11:52,45.6168,-72.9491,75.06,93,80,6.55
273,Kavaratti,IN,2021-07-20 03:11:53,10.5669,72.642,82.53,77,69,15.55
274,Laguna,US,2021-07-20 03:11:53,38.421,-121.4238,95.5,37,1,5.01
275,Kalangala,UG,2021-07-20 03:11:53,-0.3089,32.225,68.74,68,31,9.8
276,Guerrero Negro,MX,2021-07-20 03:11:54,27.9769,-114.0611,72.01,76,82,16.42
277,Road Town,VG,2021-07-20 03:11:54,18.4167,-64.6167,82.49,74,56,19.33
278,Taraz,KZ,2021-07-20 03:11:55,42.9,71.3667,81.01,28,8,6.71
279,Victoria,HK,2021-07-20 03:09:19,22.2855,114.1577,80.58,96,100,16.75
280,Mar Del Plata,AR,2021-07-20 03:09:50,-38.0023,-57.5575,50.0,66,100,3.0
281,Kurumkan,RU,2021-07-20 03:11:55,54.3,110.3,68.32,74,67,6.49
282,Peace River,CA,2021-07-20 03:11:13,56.2501,-117.286,66.67,75,20,3.65
283,Fortuna,US,2021-07-20 03:11:56,40.5982,-124.1573,58.93,87,90,1.01
284,Jinxiang,CN,2021-07-20 03:11:56,27.4327,120.6062,84.65,75,81,13.38
285,Corum,TR,2021-07-20 03:11:56,40.5,34.75,68.86,54,0,4.68
286,Kamaishi,JP,2021-07-20 03:11:57,39.2667,141.8833,94.15,67,33,5.32
287,Meulaboh,ID,2021-07-20 03:11:57,4.1363,96.1285,82.67,70,78,0.81
288,Darhan,MN,2021-07-20 03:11:57,49.4867,105.9228,69.3,63,57,2.44
289,Esmeraldas,BR,2021-07-20 03:11:58,-19.7625,-44.3139,59.86,21,0,4.63
290,Tarko-Sale,RU,2021-07-20 03:11:58,64.9225,77.785,62.87,62,1,5.95
291,Sjovegan,NO,2021-07-20 03:11:59,68.8726,17.8474,47.21,99,100,7.52
292,Hashtrud,IR,2021-07-20 03:11:59,37.4779,47.0508,73.62,42,0,1.61
293,Makakilo City,US,2021-07-20 03:11:59,21.3469,-158.0858,82.72,66,90,8.05
294,Tabuk,PH,2021-07-20 03:12:00,17.4189,121.4443,86.14,68,67,4.21
295,Tocopilla,CL,2021-07-20 03:12:00,-22.092,-70.1979,64.13,63,100,5.68
296,Itaituba,BR,2021-07-20 03:12:01,-4.2761,-55.9836,79.3,57,93,0.87
297,Maarianhamina,AX,2021-07-20 03:12:01,60.0973,19.9348,49.86,93,0,2.3
298,Seguela,CI,2021-07-20 03:12:02,7.9611,-6.6731,70.11,96,85,7.36
299,Bambanglipuro,ID,2021-07-20 03:12:02,-7.95,110.2833,85.68,61,23,2.51
300,Luderitz,NA,2021-07-20 03:12:02,-26.6481,15.1594,55.17,88,91,14.76
301,Barbastro,ES,2021-07-20 03:12:03,42.0356,0.1269,72.86,57,0,4.21
302,Soconusco,MX,2021-07-20 03:12:03,17.9667,-94.8667,75.56,89,53,4.5
303,Potsdam,DE,2021-07-20 03:12:04,52.3989,13.0657,64.06,88,100,4.41
304,Ajdabiya,LY,2021-07-20 03:12:04,30.7554,20.2263,74.82,76,0,6.38
305,Ostrovnoy,RU,2021-07-20 03:12:04,68.0531,39.5131,53.24,76,100,13.49
306,Mahebourg,MU,2021-07-20 03:12:05,-20.4081,57.7,70.25,63,4,19.84
307,Lohardaga,IN,2021-07-20 03:12:05,23.4333,84.6833,76.86,71,100,5.5
308,Waterfoot,GB,2021-07-20 03:12:06,53.6929,-2.2525,64.49,92,0,0.87
309,Longkou,CN,2021-07-20 03:12:06,37.6508,120.3286,82.38,74,79,2.35
310,Doha,QA,2021-07-20 03:10:19,25.2867,51.5333,93.18,66,0,4.61
311,Bukachacha,RU,2021-07-20 03:12:07,52.9833,116.9167,77.92,54,77,6.62
312,Kindu,CD,2021-07-20 03:12:07,-2.95,25.95,72.9,47,94,2.3
313,Taoudenni,ML,2021-07-20 03:12:07,22.6783,-3.9836,101.37,12,94,1.32
314,Altagracia De Orituco,VE,2021-07-20 03:12:08,9.8601,-66.3814,70.65,98,100,1.86
315,Pangkalanbuun,ID,2021-07-20 03:10:39,-2.6833,111.6167,87.15,65,21,3.85
316,Nzega,RW,2021-07-20 03:12:08,-2.479,29.5564,56.5,70,41,3.62
317,Colesberg,ZA,2021-07-20 03:12:09,-30.72,25.0972,38.05,24,94,4.9
318,Oneonta,US,2021-07-20 03:10:26,42.4529,-75.0638,68.83,87,41,2.55
319,Lingao,CN,2021-07-20 03:12:09,19.9103,109.6859,89.17,62,100,16.4
320,Guarda,PT,2021-07-20 03:12:10,40.5373,-7.2658,52.23,91,100,3.51
321,Zaranj,AF,2021-07-20 03:12:10,30.9667,61.8833,90.34,13,0,30.85
322,Ilheus,BR,2021-07-20 03:11:25,-14.7889,-39.0494,71.26,95,42,2.13
323,Ponta Do Sol,PT,2021-07-20 03:12:11,32.6667,-17.1,71.71,77,2,4.56
324,Grindavik,IS,2021-07-20 03:12:11,63.8424,-22.4338,52.27,100,90,6.91
325,Harlingen,US,2021-07-20 03:10:18,26.1906,-97.6961,85.33,93,1,10.36
326,Beringovskiy,RU,2021-07-20 03:12:12,63.05,179.3167,45.79,96,100,12.3
327,Sangar,RU,2021-07-20 03:12:12,63.9242,127.4739,76.73,41,100,7.96
328,Fomboni,KM,2021-07-20 03:12:13,-12.28,43.7425,77.85,72,6,15.84
329,Nantucket,US,2021-07-20 03:12:13,41.2835,-70.0995,69.96,74,99,5.84
330,Omboue,GA,2021-07-20 03:12:14,-1.5746,9.2618,71.38,87,92,5.7
331,Natal,BR,2021-07-20 03:12:14,-5.795,-35.2094,72.25,100,75,3.44
332,Zilair,RU,2021-07-20 03:12:14,52.2332,57.4392,69.8,59,21,3.85
333,Eureka,US,2021-07-20 03:12:15,40.8021,-124.1637,59.2,80,28,3.0
334,Miles City,US,2021-07-20 03:12:15,46.4083,-105.8406,92.37,17,1,16.11
335,Marataizes,BR,2021-07-20 03:12:15,-21.0433,-40.8244,67.26,52,100,15.12
336,Killybegs,IE,2021-07-20 03:12:16,54.6333,-8.45,59.45,93,1,6.02
337,Tezu,IN,2021-07-20 03:12:16,27.9167,96.1667,88.0,71,55,3.65
338,Bilma,NE,2021-07-20 03:12:16,18.6853,12.9164,88.02,35,5,11.23
339,Floro,NO,2021-07-20 03:12:17,61.5996,5.0328,54.23,94,90,9.22
340,Naze,JP,2021-07-20 03:12:17,28.3667,129.4833,78.44,88,100,31.25
341,Pangai,TO,2021-07-20 03:12:18,-19.8,-174.35,80.71,74,20,6.91
342,Ahipara,NZ,2021-07-20 03:12:18,-35.1667,173.1667,58.41,70,56,5.12
343,Batagay-Alyta,RU,2021-07-20 03:12:18,67.8006,130.4114,69.75,43,31,18.37
344,Kedrovyy,RU,2021-07-20 03:12:19,56.1667,91.8167,64.81,57,4,3.85
345,Necochea,AR,2021-07-20 03:12:19,-38.5473,-58.7368,45.03,52,100,14.56
346,Zeya,RU,2021-07-20 03:12:19,53.75,127.2667,72.79,93,98,1.57
347,Chickasha,US,2021-07-20 03:12:20,35.0526,-97.9364,79.5,73,1,5.75
348,Cartagena,CO,2021-07-20 03:09:50,10.3997,-75.5144,82.02,89,40,10.36
349,Klobuck,PL,2021-07-20 03:12:20,50.9008,18.9367,61.59,88,33,4.25
350,Batesville,US,2021-07-20 03:09:16,35.7698,-91.641,74.84,94,1,0.0
351,Duldurga,RU,2021-07-20 03:12:21,50.6761,113.5931,75.2,63,93,7.11
352,Talnakh,RU,2021-07-20 03:12:21,69.4865,88.3972,58.91,48,11,8.46
353,Ola,RU,2021-07-20 03:12:21,59.5833,151.2833,61.41,62,81,8.46
354,Cayenne,GF,2021-07-20 03:12:22,4.9333,-52.3333,77.09,89,0,0.0
355,Nizhnetroitskiy,RU,2021-07-20 03:12:22,54.3385,53.6833,75.42,55,26,5.32
356,Yumen,CN,2021-07-20 03:12:23,40.2833,97.2,82.11,23,100,9.06
357,Marsa Matruh,EG,2021-07-20 03:12:23,31.3525,27.2453,78.08,78,0,8.93
358,Peruibe,BR,2021-07-20 03:12:23,-24.32,-46.9983,52.79,71,4,4.61
359,Ekuvukeni,ZA,2021-07-20 03:12:24,-28.4675,30.1551,41.92,29,0,4.18
360,Rio Gallegos,AR,2021-07-20 03:12:24,-51.6226,-69.2181,37.0,73,69,13.29
361,Washington,US,2021-07-20 03:12:02,47.5001,-120.5015,90.0,28,0,5.82
362,Severo-Yeniseyskiy,RU,2021-07-20 03:12:25,60.3725,93.0408,62.87,50,59,6.71
363,Atambua,ID,2021-07-20 03:12:25,-9.1061,124.8925,83.71,49,13,3.53
364,Tourlaville,FR,2021-07-20 03:12:26,49.6383,-1.5664,66.79,59,0,4.61
365,Dongying,CN,2021-07-20 03:12:26,37.4564,118.4856,87.69,55,98,9.69
366,Pershotravneve,UA,2021-07-20 03:12:26,51.3929,28.8684,60.93,90,100,5.23
367,Cidreira,BR,2021-07-20 03:11:13,-30.1811,-50.2056,49.35,78,76,13.22
368,Chinsali,ZM,2021-07-20 03:12:27,-10.5414,32.0816,49.78,75,0,5.28
369,Chimbote,PE,2021-07-20 03:12:27,-9.0853,-78.5783,62.92,87,18,6.89
370,Kyren,RU,2021-07-20 03:12:28,51.6828,102.1408,74.75,49,0,1.1
371,Lasa,IT,2021-07-20 03:12:28,46.6166,10.7002,58.62,92,8,4.25
372,Havre-Saint-Pierre,CA,2021-07-20 03:12:29,50.2334,-63.5986,59.56,94,97,8.52
373,General Roca,AR,2021-07-20 03:12:29,-39.0333,-67.5833,39.6,25,77,9.8
374,Rome,US,2021-07-20 03:12:30,34.257,-85.1647,75.16,95,90,0.0
375,Nyurba,RU,2021-07-20 03:12:30,63.2842,118.3319,68.92,60,100,3.94
376,Radviliskis,LT,2021-07-20 03:12:31,55.8167,23.5333,53.65,82,0,4.61
377,Bilibino,RU,2021-07-20 03:12:31,68.0546,166.4372,61.45,37,56,2.37
378,Fairbanks,US,2021-07-20 03:12:31,64.8378,-147.7164,81.1,38,1,3.44
379,Constitucion,CL,2021-07-20 03:12:32,-35.3333,-72.4167,53.17,74,29,6.04
380,Alghero,IT,2021-07-20 03:12:32,40.5589,8.3181,66.29,94,0,1.14
381,San Ignacio,BZ,2021-07-20 03:12:33,17.1561,-89.0714,77.14,94,0,0.0
382,Barranca,PE,2021-07-20 03:12:33,-10.75,-77.7667,62.22,84,26,8.28
383,Riyadh,SA,2021-07-20 03:10:01,24.6877,46.7219,91.54,40,81,7.45
384,Sehithwa,BW,2021-07-20 03:12:33,-20.4667,22.7167,46.44,39,0,5.01
385,San-Pedro,CI,2021-07-20 03:12:34,4.7485,-6.6363,75.97,76,94,8.77
386,Vilhena,BR,2021-07-20 03:12:34,-12.7406,-60.1458,59.72,65,0,3.27
387,Kirakira,SB,2021-07-20 03:12:35,-10.4544,161.9205,84.81,66,37,9.44
388,Lumphat,KH,2021-07-20 03:12:35,13.4878,106.9816,82.31,74,98,4.94
389,Lethem,GY,2021-07-20 03:12:36,3.3803,-59.7968,74.68,87,51,4.72
390,Saint George,US,2021-07-20 03:12:36,37.1041,-113.5841,86.47,48,1,3.0
391,Estepona,ES,2021-07-20 03:12:36,36.4276,-5.1459,71.51,56,0,3.62
392,Richards Bay,ZA,2021-07-20 03:12:37,-28.783,32.0377,55.13,75,0,8.81
393,Ambon,ID,2021-07-20 03:12:37,-3.6954,128.1814,82.54,78,40,1.14
394,Caravelas,BR,2021-07-20 03:12:37,-17.7125,-39.2481,71.64,91,0,4.25
395,Praia Da Vitoria,PT,2021-07-20 03:12:38,38.7333,-27.0667,70.75,91,72,17.52
396,Carayao,PY,2021-07-20 03:12:38,-25.1833,-56.4,43.83,54,100,3.36
397,Arman,RU,2021-07-20 03:12:39,59.7,150.1667,63.81,55,84,6.31
398,Margate,GB,2021-07-20 03:12:39,51.3813,1.3862,64.04,94,18,8.52
399,Mokrousovo,RU,2021-07-20 03:12:39,55.8103,66.7653,64.2,85,94,5.66
400,Huilong,CN,2021-07-20 03:12:40,31.8111,121.655,89.98,77,74,16.15
401,Pontianak,ID,2021-07-20 03:12:40,-0.0333,109.3333,85.98,79,75,0.0
402,Angoche,MZ,2021-07-20 03:12:41,-16.2325,39.9086,69.31,86,13,8.08
403,Kartarpur,IN,2021-07-20 03:12:41,31.44,75.4997,76.82,95,100,9.13
404,Jurado,CO,2021-07-20 03:12:41,7.1053,-77.7641,77.94,91,48,1.86
405,Sao Filipe,CV,2021-07-20 03:12:42,14.8961,-24.4956,74.1,87,59,8.72
406,Salalah,OM,2021-07-20 03:11:43,17.0151,54.0924,78.89,89,90,8.05
407,Saint Albans,GB,2021-07-20 03:12:42,51.75,-0.3333,66.7,92,76,4.61
408,Iracoubo,GF,2021-07-20 03:12:43,5.4802,-53.2011,77.29,88,100,5.23
409,Kano,NG,2021-07-20 03:12:43,12.0001,8.5167,75.29,78,39,10.69
410,Camacha,PT,2021-07-20 03:12:43,33.0833,-16.3333,67.42,68,75,10.36
411,Gulf Gate Estates,US,2021-07-20 03:12:44,27.2517,-82.5147,84.16,67,1,5.99
412,Venezuela,VE,2021-07-20 03:12:44,8.0,-66.0,76.3,87,100,1.97
413,Timra,SE,2021-07-20 03:12:44,62.487,17.3257,57.67,62,90,8.05
414,Nanortalik,GL,2021-07-20 03:12:45,60.1432,-45.2371,42.04,91,46,9.91
415,Byron Bay,AU,2021-07-20 03:12:45,-28.65,153.6167,69.06,39,41,8.84
416,Oranjemund,NA,2021-07-20 03:12:45,-28.55,16.4333,54.52,97,100,9.24
417,Hualmay,PE,2021-07-20 03:12:46,-11.0964,-77.6139,63.07,82,16,9.08
418,Port-Gentil,GA,2021-07-20 03:12:46,-0.7193,8.7815,73.99,82,98,9.8
419,Chara,RU,2021-07-20 03:12:46,56.9064,118.2631,73.51,51,93,3.33
420,Khandyga,RU,2021-07-20 03:12:47,62.6667,135.6,87.24,32,96,9.51
421,Itarema,BR,2021-07-20 03:12:47,-2.9248,-39.9167,77.31,87,18,11.05
422,Bairiki,KI,2021-07-20 03:12:48,1.3292,172.9752,86.0,70,75,5.75
423,Bonthe,SL,2021-07-20 03:12:48,7.5264,-12.505,76.32,89,82,5.44
424,Arlit,NE,2021-07-20 03:12:49,18.7369,7.3853,89.11,34,93,7.27
425,Gazanjyk,TM,2021-07-20 03:12:49,39.2446,55.5154,90.25,26,0,2.08
426,Maceio,BR,2021-07-20 03:12:49,-9.6658,-35.7353,72.84,100,75,3.44
427,Verkhnevilyuysk,RU,2021-07-20 03:12:50,63.4453,120.3167,69.57,61,100,5.41
428,Hanzhong,CN,2021-07-20 03:12:50,33.0728,107.0303,80.46,74,40,3.6
429,Luganville,VU,2021-07-20 03:12:51,-15.5333,167.1667,82.36,74,36,8.08
430,Astana,KZ,2021-07-20 03:12:51,51.1801,71.446,64.35,68,40,11.18
431,Coari,BR,2021-07-20 03:12:51,-4.085,-63.1414,74.89,78,21,1.59
432,Mount Pleasant,US,2021-07-20 03:11:34,32.7941,-79.8626,75.99,96,75,4.0
433,Haradok,BY,2021-07-20 03:12:52,55.4624,29.9816,59.18,66,73,2.84
434,Labuhan,ID,2021-07-20 03:12:52,-6.8844,112.2051,86.18,58,13,12.19
435,Muncar,ID,2021-07-20 03:12:52,-8.4333,114.3333,84.38,58,35,5.44
436,Rawson,AR,2021-07-20 03:10:20,-43.3002,-65.1023,54.55,41,100,8.59
437,Antigonish,CA,2021-07-20 03:12:53,45.6169,-61.9986,72.14,94,100,5.01
438,Adrar,MR,2021-07-20 03:12:53,20.5022,-10.0711,91.8,13,39,9.42
439,Terney,RU,2021-07-20 03:12:53,45.0503,136.6092,77.0,77,54,6.78
440,Bandarbeyla,SO,2021-07-20 03:12:54,9.4942,50.8122,78.85,71,83,30.85
441,Etchoropo,MX,2021-07-20 03:12:54,26.7667,-109.6667,89.42,62,20,8.75
442,Touros,BR,2021-07-20 03:12:55,-5.1989,-35.4608,72.5,81,14,14.32
443,Puerto Colombia,CO,2021-07-20 03:12:55,10.9878,-74.9547,82.49,81,8,20.27
444,Jaisalmer,IN,2021-07-20 03:12:55,26.9147,70.9181,84.29,72,96,25.84
445,Cerrito,CO,2021-07-20 03:12:56,6.8432,-72.694,52.5,89,92,5.79
446,Nouadhibou,MR,2021-07-20 03:12:56,20.931,-17.0347,70.03,86,97,12.46
447,Eyl,SO,2021-07-20 03:12:56,7.9803,49.8164,77.81,68,100,25.68
448,Alice Springs,AU,2021-07-20 03:12:57,-23.7,133.8833,74.21,21,8,11.99
449,Port Blair,IN,2021-07-20 03:12:57,11.6667,92.75,81.9,85,100,18.05
450,Kodinsk,RU,2021-07-20 03:12:58,58.6881,99.1844,72.05,62,93,4.83
451,Lithgow,AU,2021-07-20 03:12:58,-33.4833,150.15,49.86,59,93,14.25
452,Vostok,RU,2021-07-20 03:12:58,46.4856,135.8833,87.64,44,25,5.73
453,Belyy Yar,RU,2021-07-20 03:12:59,53.6039,91.3903,66.09,77,0,6.71
454,Sao Jose Da Coroa Grande,BR,2021-07-20 03:12:59,-8.8978,-35.1478,75.2,83,74,8.48
455,Lewiston,US,2021-07-20 03:12:03,44.1003,-70.2148,66.88,99,75,0.0
456,Gaozhou,CN,2021-07-20 03:13:00,21.9392,110.8461,80.35,83,100,8.08
457,Poli,TZ,2021-07-20 03:13:00,-3.3333,36.8,51.39,91,68,1.7
458,Ostersund,SE,2021-07-20 03:11:59,63.1792,14.6357,50.61,81,40,18.41
459,Olafsvik,IS,2021-07-20 03:13:01,64.8945,-23.7142,51.62,97,100,10.49
460,Nazas,MX,2021-07-20 03:13:01,25.2333,-104.1333,76.6,53,71,4.0
461,Tchibanga,GA,2021-07-20 03:13:02,-2.85,11.0333,65.07,95,11,2.53
462,Jacareacanga,BR,2021-07-20 03:13:02,-6.2222,-57.7528,73.74,51,0,2.84
463,Labrea,BR,2021-07-20 03:13:03,-7.2586,-64.7981,72.77,68,0,3.36
464,Blackfoot,US,2021-07-20 03:09:11,43.1905,-112.345,79.61,41,100,5.08
465,Airai,TL,2021-07-20 03:13:03,-8.9266,125.4092,74.21,42,30,4.72
466,Taywarah,AF,2021-07-20 03:13:03,33.35,64.4167,58.19,24,0,9.33
467,Faanui,PF,2021-07-20 03:13:04,-16.4833,-151.75,78.76,76,99,22.86
468,Old Orchard Beach,US,2021-07-20 03:13:04,43.5173,-70.3775,68.38,92,90,4.61
469,Segovia,ES,2021-07-20 03:13:05,41.1667,-4.0,70.43,31,0,4.81
470,Plettenberg Bay,ZA,2021-07-20 03:13:05,-34.0527,23.3716,55.58,86,100,5.1
471,Varhaug,NO,2021-07-20 03:13:05,58.6147,5.6457,55.89,86,100,11.18
472,Ariquemes,BR,2021-07-20 03:13:06,-9.9133,-63.0408,70.21,62,41,3.11
473,Tual,ID,2021-07-20 03:13:06,-5.6667,132.75,80.26,82,47,19.86
474,Saint-Francois,FR,2021-07-20 03:13:06,46.4154,3.9054,59.41,92,0,3.44
475,Hami,CN,2021-07-20 03:13:07,42.8,93.45,77.54,36,100,8.14
476,Moose Factory,CA,2021-07-20 03:13:07,51.2585,-80.6094,40.73,78,0,2.17
477,Sembakung,ID,2021-07-20 03:13:08,3.8167,117.25,91.02,57,23,2.06
478,Jiayuguan,CN,2021-07-20 03:13:08,39.8167,98.3,83.55,23,72,10.33
479,Miraflores,MX,2021-07-20 03:13:08,19.2167,-98.8083,62.87,81,27,4.03
480,Jurm,AF,2021-07-20 03:13:09,36.8648,70.8342,73.62,34,32,4.03
481,Dumas,US,2021-07-20 03:13:09,35.8656,-101.9732,75.67,68,1,6.91
482,Pascagoula,US,2021-07-20 03:13:10,30.3658,-88.5561,76.03,99,1,0.0
483,Ketchikan,US,2021-07-20 03:13:10,55.3422,-131.6461,70.27,52,1,0.0
484,Katsuura,JP,2021-07-20 03:08:45,35.1333,140.3,91.51,68,6,7.2
485,Kalabo,ZM,2021-07-20 03:13:11,-14.97,22.6814,50.05,57,2,5.82
486,Fez,MA,2021-07-20 03:13:11,34.0372,-4.9998,64.65,55,0,3.44
487,Te Anau,NZ,2021-07-20 03:13:11,-45.4167,167.7167,48.34,79,100,4.07
488,Mabaruma,GY,2021-07-20 03:13:12,8.2,-59.7833,74.34,97,100,3.0
489,Summerside,CA,2021-07-20 03:13:12,46.3959,-63.7876,71.47,94,100,10.92
490,Gat,IL,2021-07-20 03:13:13,31.61,34.7642,77.68,100,7,3.49
491,Chabahar,IR,2021-07-20 03:13:13,25.2919,60.643,86.54,85,60,7.54
492,Port Pirie,AU,2021-07-20 03:13:14,-33.1833,138.0167,57.29,64,34,21.16
493,Santa Rita,BR,2021-07-20 03:13:14,-7.1139,-34.9781,75.87,88,75,4.61
494,Kuala Terengganu,MY,2021-07-20 03:13:15,5.3302,103.1408,85.24,70,57,5.06
495,Werkendam,NL,2021-07-20 03:13:15,51.8,4.8833,60.03,86,0,1.01
496,Barcelos,PT,2021-07-20 03:13:16,41.5388,-8.6151,64.29,94,95,0.27
497,Winneba,GH,2021-07-20 03:13:16,5.3511,-0.6231,74.93,87,99,9.08
498,Bunia,CD,2021-07-20 03:13:16,1.5667,30.25,60.82,90,58,2.19
499,Thunder Bay,CA,2021-07-20 03:10:41,48.4001,-89.3168,61.79,85,14,14.16
500,Nkowakowa,ZA,2021-07-20 03:13:17,-23.8878,30.2871,48.25,51,3,4.61
501,Gospic,HR,2021-07-20 03:13:17,44.5461,15.3747,56.89,94,31,6.02
502,Ferrol,ES,2021-07-20 03:14:33,43.4832,-8.2369,65.26,92,78,4.56
503,Mimongo,GA,2021-07-20 03:14:33,-1.6195,11.6068,65.34,95,73,1.16
504,Kavali,IN,2021-07-20 03:14:34,14.9167,79.9833,84.06,63,98,21.45
505,Palana,RU,2021-07-20 03:14:34,59.1167,159.9667,54.12,86,100,6.98
506,Saint-Pierre,RE,2021-07-20 03:14:34,-21.3393,55.4781,67.68,68,0,12.66
507,Vila Velha,BR,2021-07-20 03:10:10,-20.3297,-40.2925,69.75,73,90,8.05
508,Mogilno,PL,2021-07-20 03:14:35,52.6581,17.9558,60.21,85,100,6.73
509,Valparaiso,CL,2021-07-20 03:12:25,-33.0393,-71.6273,51.48,78,0,0.0
510,Tombouctou,ML,2021-07-20 03:14:35,20.0,-3.0,92.21,25,16,11.1
511,Petrivka,UA,2021-07-20 03:14:36,46.9695,30.9591,75.65,72,6,7.2
512,Muisne,EC,2021-07-20 03:14:36,0.6,-80.0333,75.27,87,84,3.51
513,Haines Junction,CA,2021-07-20 03:14:37,60.7522,-137.5108,75.29,35,87,3.29
514,Union,US,2021-07-20 03:14:37,40.6334,-74.2663,77.16,77,1,0.0
515,Havelock,US,2021-07-20 03:09:39,34.8791,-76.9013,76.98,95,90,1.99
516,Thaba-Tseka,LS,2021-07-20 03:14:37,-29.522,28.6084,30.24,42,0,3.58
517,Mwinilunga,ZM,2021-07-20 03:14:38,-11.7358,24.4293,49.01,64,6,3.69
518,Roma,US,2021-07-20 03:14:38,43.2128,-75.4557,71.89,93,1,4.61
519,Muros,ES,2021-07-20 03:14:38,42.7762,-9.0603,64.99,91,77,3.74
520,Coahuayana,MX,2021-07-20 03:14:39,18.7333,-103.6833,78.82,84,65,2.77
521,Bundibugyo,UG,2021-07-20 03:14:39,0.7414,30.0417,65.05,95,70,2.53
522,Znamenskoye,RU,2021-07-20 03:14:40,57.1281,73.8282,65.75,79,77,3.11
523,Gizo,SB,2021-07-20 03:14:40,-8.103,156.8419,83.88,68,100,8.52
524,Nizhniy Tsasuchey,RU,2021-07-20 03:14:40,50.5167,115.1333,82.06,53,36,8.01
525,Iqaluit,CA,2021-07-20 03:14:41,63.7506,-68.5145,38.25,87,100,4.09
526,Balykshi,KZ,2021-07-20 03:14:41,47.0667,51.8667,77.0,41,0,0.0
527,Springdale,US,2021-07-20 03:10:11,36.1867,-94.1288,73.31,86,20,5.75
528,Tepalcatepec,MX,2021-07-20 03:14:42,19.1833,-102.85,76.5,75,14,2.28
529,Aklavik,CA,2021-07-20 03:14:42,68.2191,-135.0107,76.39,41,98,5.82
530,Rincon,US,2021-07-20 03:14:43,32.296,-81.2354,75.85,97,75,4.61
531,Jalpan,MX,2021-07-20 03:14:43,21.2333,-99.4833,71.56,90,39,2.53
532,Buin,CL,2021-07-20 03:14:43,-33.7333,-70.75,60.06,27,3,4.14
533,Dalmau,IN,2021-07-20 03:14:44,26.0667,81.0333,90.46,59,100,5.64
534,Bubaque,GW,2021-07-20 03:14:44,11.2833,-15.8333,81.01,82,64,14.7
535,Sudak,UA,2021-07-20 03:12:57,44.85,34.9667,80.22,61,0,1.79
536,Zhezkazgan,KZ,2021-07-20 03:14:45,47.8043,67.7144,79.43,39,0,3.74
537,Almaznyy,RU,2021-07-20 03:14:45,48.0448,40.045,69.94,42,16,3.51
538,Mountain Home,US,2021-07-20 03:14:46,43.133,-115.6912,86.74,40,94,8.43
539,Bestobe,KZ,2021-07-20 03:14:46,52.4994,73.0975,70.95,52,93,6.06
540,Selizharovo,RU,2021-07-20 03:14:46,56.8519,33.4487,56.01,81,0,4.0
541,Ashqelon,IL,2021-07-20 03:14:47,31.6693,34.5715,78.69,72,6,5.21
542,Psyzh,RU,2021-07-20 03:14:47,44.2331,42.0183,68.65,70,0,4.97
543,Springfield,US,2021-07-20 03:09:59,37.2153,-93.2982,73.33,84,1,1.01
544,Carahue,CL,2021-07-20 03:14:48,-38.7,-73.1667,48.4,96,71,0.94
545,Ventspils,LV,2021-07-20 03:14:48,57.3894,21.5606,46.33,100,22,0.0
546,Weligama,LK,2021-07-20 03:14:48,5.9667,80.4167,82.24,78,91,14.18
547,Tutoia,BR,2021-07-20 03:11:11,-2.7619,-42.2744,78.96,83,51,9.13
548,Paamiut,GL,2021-07-20 03:14:49,61.994,-49.6678,43.56,79,32,7.36
549,Hays,US,2021-07-20 03:14:49,30.0502,-98.0336,75.27,93,64,1.01
550,Alice,US,2021-07-20 03:14:50,27.7523,-98.0697,84.31,89,1,6.91
551,Kharp,RU,2021-07-20 03:14:50,66.8014,65.8081,66.87,58,42,7.4
552,Luba,GQ,2021-07-20 03:14:50,3.4568,8.5547,77.14,87,99,12.62
553,Sinegorye,RU,2021-07-20 03:14:51,62.0788,150.477,77.38,22,43,5.95
554,Husavik,IS,2021-07-20 03:14:51,66.0449,-17.3389,53.11,82,15,3.36
555,Sungaipenuh,ID,2021-07-20 03:10:06,-2.0833,101.3833,72.54,66,100,1.21
556,Sterling,US,2021-07-20 03:14:07,39.0062,-77.4286,78.28,81,1,4.61
