City_ID,City,Country,Lat,Lng,Max Temp,Humidity,Cloudiness,Wind Speed,Current Description,Date
0,Mataura,NZ,-46.1927,168.8643,49.48,89,100,1.03,light rain,2021-07-26 04:00:54
1,Iqaluit,CA,63.7506,-68.5145,49.69,87,100,5.99,overcast clouds,2021-07-26 04:00:26
2,Egvekinot,RU,66.3167,-179.1667,49.73,76,100,2.64,overcast clouds,2021-07-26 04:00:55
3,Faya,SA,18.3851,42.4509,63.5,75,68,6.26,broken clouds,2021-07-26 04:00:56
4,Iquitos,PE,-3.7481,-73.2472,71.42,99,79,1.61,broken clouds,2021-07-26 04:00:56
5,Ouesso,CG,1.6136,16.0517,69.44,93,84,2.46,broken clouds,2021-07-26 04:00:57
6,Rikitea,PF,-23.1203,-134.9692,71.8,74,30,7.38,scattered clouds,2021-07-26 04:00:57
7,Carnarvon,AU,-24.8667,113.6333,70.0,57,8,9.28,clear sky,2021-07-26 04:00:58
8,Vaini,TO,-21.2,-175.2,76.17,78,13,4.25,few clouds,2021-07-26 04:00:58
9,Tiksi,RU,71.6872,128.8694,52.7,79,85,13.94,overcast clouds,2021-07-26 04:00:59
10,Chapada Dos Guimaraes,BR,-15.4606,-55.7497,67.89,38,12,7.14,few clouds,2021-07-26 04:00:59
11,Abu Dhabi,AE,24.4667,54.3667,93.45,70,50,4.09,scattered clouds,2021-07-26 04:00:01
12,Shimoda,JP,34.6667,138.95,86.11,70,48,5.88,scattered clouds,2021-07-26 04:01:00
13,Sorland,NO,67.667,12.6934,53.85,83,100,4.23,overcast clouds,2021-07-26 04:01:00
14,Fremont,US,37.5483,-121.9886,74.82,67,40,1.01,scattered clouds,2021-07-26 03:56:49
15,Santa Rosa,PH,14.3122,121.1114,89.85,65,99,19.82,overcast clouds,2021-07-26 04:01:01
16,Tornio,FI,65.8481,24.1466,57.22,85,50,6.11,scattered clouds,2021-07-26 04:01:02
17,Busselton,AU,-33.65,115.3333,66.04,73,0,26.13,clear sky,2021-07-26 04:01:02
18,Prachuap Khiri Khan,TH,12.2167,99.75,86.58,57,100,11.16,light rain,2021-07-26 04:01:02
19,Kieta,PG,-6.2167,155.6333,82.9,76,55,4.03,light rain,2021-07-26 04:01:03
20,Yellowknife,CA,62.456,-114.3525,56.28,61,56,8.03,broken clouds,2021-07-26 04:00:04
21,Atuona,PF,-9.8,-139.0333,77.77,75,3,23.0,clear sky,2021-07-26 04:01:03
22,Hermanus,ZA,-34.4187,19.2345,55.8,53,100,6.96,overcast clouds,2021-07-26 04:01:04
23,Estrela,BR,-28.0611,-50.9383,57.2,83,98,3.67,overcast clouds,2021-07-26 04:01:04
24,Saldanha,ZA,-33.0117,17.9442,61.41,43,100,19.3,overcast clouds,2021-07-26 04:01:05
25,Port Elizabeth,ZA,-33.918,25.5701,52.09,50,0,6.91,clear sky,2021-07-26 03:56:32
26,Airai,TL,-8.9266,125.4092,77.99,23,86,4.14,overcast clouds,2021-07-26 04:01:05
27,Norsup,VU,-16.0667,167.3833,82.31,73,55,9.46,broken clouds,2021-07-26 04:01:05
28,Los Llanos De Aridane,ES,28.6585,-17.9182,70.12,74,20,13.8,few clouds,2021-07-26 04:01:06
29,Dalhousie,IN,32.5333,75.9833,63.9,95,100,2.17,overcast clouds,2021-07-26 04:01:06
30,Port Alfred,ZA,-33.5906,26.891,59.7,31,72,12.73,broken clouds,2021-07-26 04:01:07
31,Bluff,NZ,-46.6,168.3333,49.8,86,100,3.89,light rain,2021-07-26 04:01:07
32,Mahebourg,MU,-20.4081,57.7,70.25,73,40,11.5,scattered clouds,2021-07-26 04:01:07
33,Saskylakh,RU,71.9167,114.0833,59.72,57,95,14.58,overcast clouds,2021-07-26 04:01:08
34,Avarua,CK,-21.2078,-159.775,77.05,83,90,5.75,overcast clouds,2021-07-26 04:01:08
35,Statesboro,US,32.4488,-81.7832,78.94,88,1,0.0,clear sky,2021-07-26 04:01:08
36,Tuatapere,NZ,-46.1333,167.6833,49.82,97,100,1.83,light rain,2021-07-26 04:01:09
37,Chokurdakh,RU,70.6333,147.9167,56.43,40,56,9.98,broken clouds,2021-07-26 04:01:09
38,San Ramon,US,37.7799,-121.978,77.59,67,94,4.0,overcast clouds,2021-07-26 04:01:09
39,Nacogdoches,US,31.6002,-94.6335,78.51,91,0,2.42,clear sky,2021-07-26 03:56:20
40,Matara,LK,5.9485,80.5353,82.4,79,69,13.47,broken clouds,2021-07-26 04:01:10
41,Manggar,ID,-2.8833,108.2667,84.61,66,33,14.99,scattered clouds,2021-07-26 04:01:10
42,Bara,NG,10.3744,10.7288,71.37,96,100,10.83,overcast clouds,2021-07-26 04:01:10
43,Guarapari,BR,-20.6667,-40.4975,63.45,82,0,6.04,clear sky,2021-07-26 04:01:11
44,Butaritari,KI,3.0707,172.7902,78.51,87,100,13.18,light rain,2021-07-26 04:01:11
45,Necochea,AR,-38.5473,-58.7368,44.65,85,3,11.16,clear sky,2021-07-26 04:01:11
46,Wuda,CN,39.4994,106.7117,83.57,34,87,18.28,overcast clouds,2021-07-26 04:01:12
47,Nishihara,JP,26.1842,127.7558,87.46,89,75,13.8,broken clouds,2021-07-26 04:01:12
48,Ushuaia,AR,-54.8,-68.3,28.63,88,40,3.8,scattered clouds,2021-07-26 04:01:13
49,Bengkulu,ID,-3.8004,102.2655,84.81,57,2,4.63,clear sky,2021-07-26 04:01:13
50,Severo-Kurilsk,RU,50.6789,156.125,60.04,89,69,5.23,broken clouds,2021-07-26 04:01:14
51,Omsukchan,RU,62.5333,155.8,53.6,99,100,1.92,moderate rain,2021-07-26 04:01:14
52,Petropavlovsk-Kamchatskiy,RU,53.0452,158.6483,75.79,61,0,8.95,clear sky,2021-07-26 04:01:14
53,Tuktoyaktuk,CA,69.4541,-133.0374,43.05,87,85,7.61,overcast clouds,2021-07-26 04:01:15
54,Qaanaaq,GL,77.484,-69.3632,36.86,74,100,2.82,overcast clouds,2021-07-26 04:01:15
55,Marondera,ZW,-18.1853,31.5519,35.92,94,0,8.41,clear sky,2021-07-26 04:01:15
56,Ahuimanu,US,21.4447,-157.8378,80.85,75,65,15.52,broken clouds,2021-07-26 04:01:16
57,Albany,US,42.6001,-73.9662,69.39,94,0,3.76,clear sky,2021-07-26 04:00:12
58,Luganville,VU,-15.5333,167.1667,82.98,70,68,6.91,broken clouds,2021-07-26 04:01:16
59,Bethel,US,41.3712,-73.414,74.71,90,40,0.0,scattered clouds,2021-07-26 04:01:17
60,Mar Del Plata,AR,-38.0023,-57.5575,46.42,91,89,13.11,overcast clouds,2021-07-26 04:00:39
61,Ayagoz,KZ,47.9714,80.4392,89.8,22,46,7.31,scattered clouds,2021-07-26 04:01:17
62,Cidreira,BR,-30.1811,-50.2056,68.14,68,91,5.21,overcast clouds,2021-07-26 04:01:17
63,Hobart,AU,-42.8794,147.3294,57.06,69,40,5.99,moderate rain,2021-07-26 03:57:30
64,Nanortalik,GL,60.1432,-45.2371,44.6,74,95,10.51,overcast clouds,2021-07-26 04:01:18
65,Yangshe,CN,31.8899,120.6052,81.0,96,100,5.99,light rain,2021-07-26 04:01:18
66,East London,ZA,-33.0153,27.9116,57.96,27,46,7.25,scattered clouds,2021-07-26 04:01:19
67,Norman Wells,CA,65.282,-126.8329,61.99,77,85,7.65,overcast clouds,2021-07-26 04:01:19
68,Kodiak,US,57.79,-152.4072,54.81,82,43,7.7,scattered clouds,2021-07-26 03:59:43
69,Cape Town,ZA,-33.9258,18.4232,59.34,38,100,5.03,overcast clouds,2021-07-26 04:01:19
70,Lagoa,PT,39.05,-27.9833,68.61,84,12,12.5,few clouds,2021-07-26 04:01:20
71,Lebu,CL,-37.6167,-73.65,46.49,81,14,15.93,few clouds,2021-07-26 04:01:20
72,Vanimo,PG,-2.6741,141.3028,86.05,58,52,4.03,broken clouds,2021-07-26 04:01:20
73,Mizan Teferi,ET,6.9833,35.5833,58.23,98,100,3.24,overcast clouds,2021-07-26 04:01:21
74,Soe,ID,-9.8607,124.284,85.39,23,54,7.31,broken clouds,2021-07-26 04:01:21
75,Irbit,RU,57.6705,63.071,57.42,56,40,7.99,scattered clouds,2021-07-26 04:01:21
76,Kaniama,CD,-7.5667,24.1833,63.23,42,30,9.51,scattered clouds,2021-07-26 04:01:22
77,Isangel,VU,-19.55,169.2667,74.97,74,95,16.11,overcast clouds,2021-07-26 04:01:22
78,Husavik,IS,66.0449,-17.3389,50.47,69,0,13.22,clear sky,2021-07-26 04:01:22
79,Caravelas,BR,-17.7125,-39.2481,67.39,91,30,3.62,scattered clouds,2021-07-26 04:01:23
80,Narsaq,GL,60.9167,-46.05,44.82,61,100,2.26,overcast clouds,2021-07-26 04:01:23
81,Dukat,RU,62.55,155.55,53.76,99,100,2.21,moderate rain,2021-07-26 04:01:23
82,Punta Arenas,CL,-53.15,-70.9167,35.11,80,77,8.93,broken clouds,2021-07-26 04:01:24
83,Dikson,RU,73.5069,80.5464,45.3,75,38,1.23,scattered clouds,2021-07-26 04:01:24
84,Bredasdorp,ZA,-34.5322,20.0403,53.28,41,100,6.78,overcast clouds,2021-07-26 04:01:24
85,Puerto Lopez,CO,4.0845,-72.956,72.97,93,84,2.77,broken clouds,2021-07-26 04:01:25
86,Roma,US,43.2128,-75.4557,71.46,93,20,3.44,mist,2021-07-26 04:01:15
87,Puerto Ayora,EC,-0.7393,-90.3518,71.55,89,7,4.0,clear sky,2021-07-26 04:01:25
88,Khatanga,RU,71.9667,102.5,63.88,51,66,1.63,broken clouds,2021-07-26 04:01:26
89,Cabo San Lucas,MX,22.8909,-109.9124,87.8,72,4,7.0,clear sky,2021-07-26 04:00:01
90,Coquimbo,CL,-29.9533,-71.3436,53.4,81,0,3.65,clear sky,2021-07-26 04:01:26
91,Barrow,US,71.2906,-156.7887,39.22,97,90,14.97,light rain,2021-07-26 04:00:06
92,Mehamn,NO,71.0357,27.8492,46.58,77,99,14.45,overcast clouds,2021-07-26 04:01:27
93,Rio Grande,BR,-32.035,-52.0986,62.2,85,43,7.4,scattered clouds,2021-07-26 04:01:27
94,Isla Mujeres,MX,21.2311,-86.731,80.17,79,89,3.18,overcast clouds,2021-07-26 04:01:27
95,Worland,US,44.0169,-107.9554,87.8,14,2,8.55,clear sky,2021-07-26 04:01:28
96,Moranbah,AU,-22.0016,148.0466,73.94,21,8,11.63,clear sky,2021-07-26 04:01:28
97,Waddan,LY,29.1614,16.139,73.27,60,0,5.99,clear sky,2021-07-26 04:01:28
98,Bargi,IN,22.9833,79.8667,75.97,85,100,11.01,overcast clouds,2021-07-26 04:01:29
99,Hofn,IS,64.2539,-15.2082,50.88,89,22,10.0,few clouds,2021-07-26 04:01:29
100,Castro,BR,-24.7911,-50.0119,54.54,58,12,3.94,few clouds,2021-07-26 04:01:29
101,Autazes,BR,-3.5797,-59.1306,74.86,67,53,2.35,broken clouds,2021-07-26 04:01:30
102,Mokhsogollokh,RU,61.4681,128.9203,80.6,35,0,8.77,clear sky,2021-07-26 04:01:30
103,Saint-Philippe,RE,-21.3585,55.7679,69.35,71,49,10.0,scattered clouds,2021-07-26 04:01:30
104,Mayo,US,38.8876,-76.5119,82.81,87,82,1.01,broken clouds,2021-07-26 04:01:31
105,Ossora,RU,59.2353,163.0719,62.51,85,89,8.16,overcast clouds,2021-07-26 04:01:31
106,Hami,CN,42.8,93.45,94.05,12,3,0.78,clear sky,2021-07-26 04:01:32
107,Jamestown,US,42.097,-79.2353,68.85,89,96,1.01,overcast clouds,2021-07-26 03:57:08
108,La Ronge,CA,55.1001,-105.2842,55.47,93,89,1.97,overcast clouds,2021-07-26 04:01:32
109,Okha,RU,53.5739,142.9478,76.69,68,100,9.57,overcast clouds,2021-07-26 04:01:32
110,Scarborough,GB,54.2797,-0.4044,59.54,88,97,1.01,overcast clouds,2021-07-26 04:01:33
111,Jiuquan,CN,39.7432,98.5174,88.75,16,9,15.9,clear sky,2021-07-26 04:01:33
112,Sovetskoye,RU,52.2861,85.4131,81.37,43,68,11.5,broken clouds,2021-07-26 04:01:34
113,Houston,US,29.7633,-95.3633,86.34,79,1,1.99,clear sky,2021-07-26 03:57:17
114,Inirida,CO,3.8653,-67.9239,72.19,98,100,1.97,moderate rain,2021-07-26 04:01:34
115,Amapa,BR,1.0,-52.0,69.71,98,17,1.41,few clouds,2021-07-26 04:01:34
116,Flinders,AU,-34.5833,150.8552,64.8,56,78,5.99,broken clouds,2021-07-26 04:01:35
117,Georgetown,MY,5.4112,100.3354,89.53,74,20,1.01,haze,2021-07-26 03:57:32
118,Lorengau,PG,-2.0226,147.2712,85.71,65,41,5.84,scattered clouds,2021-07-26 04:01:35
119,Barkhan,PK,29.8977,69.5256,90.3,39,46,3.94,scattered clouds,2021-07-26 04:01:36
120,Thompson,CA,55.7435,-97.8558,51.17,45,5,5.35,clear sky,2021-07-26 04:00:25
121,Saint-Augustin,CA,51.226,-58.6502,56.98,72,41,5.88,scattered clouds,2021-07-26 04:01:36
122,Toamasina,MG,-18.1667,49.3833,62.6,94,75,12.66,moderate rain,2021-07-26 04:01:37
123,Leninskiy,RU,54.2781,37.4558,63.72,63,94,1.3,overcast clouds,2021-07-26 04:01:37
124,Nexo,DK,55.0607,15.1306,68.09,87,98,11.1,light rain,2021-07-26 04:01:37
125,Victoria,HK,22.2855,114.1577,91.04,80,70,5.01,broken clouds,2021-07-26 03:57:31
126,Pravia,ES,43.4906,-6.1508,60.48,94,0,1.14,clear sky,2021-07-26 04:01:38
127,La Union,PE,-5.4,-80.75,67.41,79,6,12.28,clear sky,2021-07-26 04:01:39
128,Punta Cardon,VE,11.6581,-70.215,74.71,86,100,8.88,overcast clouds,2021-07-26 04:01:39
129,Port Keats,AU,-14.25,129.55,87.06,42,95,9.08,overcast clouds,2021-07-26 04:01:39
130,Nemuro,JP,43.3236,145.575,65.7,92,0,8.32,clear sky,2021-07-26 04:01:40
131,Klaksvik,FO,62.2266,-6.589,50.92,95,100,6.55,overcast clouds,2021-07-26 04:01:40
132,Payerne,CH,46.822,6.9361,63.86,93,75,0.0,broken clouds,2021-07-26 04:01:41
133,Cam Ranh,VN,11.9214,109.1591,94.96,41,20,8.05,few clouds,2021-07-26 04:01:41
134,Bocaiuva,BR,-17.1078,-43.815,55.09,67,0,4.21,clear sky,2021-07-26 04:00:52
135,Buala,SB,-8.145,159.5921,83.84,73,28,7.07,light rain,2021-07-26 04:01:41
136,Boa Vista,BR,2.8197,-60.6733,76.98,94,40,2.3,scattered clouds,2021-07-26 04:01:10
137,Udachnyy,RU,66.4167,112.4,85.21,37,8,14.29,clear sky,2021-07-26 04:01:42
138,Cowra,AU,-33.8333,148.6833,51.28,81,88,9.75,overcast clouds,2021-07-26 04:01:42
139,Sistranda,NO,63.7256,8.834,54.9,94,28,12.08,scattered clouds,2021-07-26 04:01:43
140,Goya,AR,-29.14,-59.2626,61.03,84,100,6.24,light rain,2021-07-26 04:01:43
141,Arraial Do Cabo,BR,-22.9661,-42.0278,69.39,78,0,25.75,clear sky,2021-07-26 04:01:43
142,Vila Franca Do Campo,PT,37.7167,-25.4333,66.61,84,57,7.47,broken clouds,2021-07-26 04:01:44
143,Sao Filipe,CV,14.8961,-24.4956,73.71,75,87,4.14,overcast clouds,2021-07-26 04:01:44
144,San Policarpo,PH,12.1791,125.5072,91.0,54,100,13.33,overcast clouds,2021-07-26 04:01:44
145,Mendota,US,36.7536,-120.3816,93.76,21,80,10.98,broken clouds,2021-07-26 04:01:45
146,Vangaindrano,MG,-23.35,47.6,60.8,80,38,4.76,light rain,2021-07-26 04:01:45
147,Guerrero Negro,MX,27.9769,-114.0611,68.38,82,4,14.52,clear sky,2021-07-26 04:01:45
148,Caibarien,CU,22.5206,-79.4669,79.18,83,90,9.98,overcast clouds,2021-07-26 04:01:46
149,Kralendijk,BQ,12.15,-68.2667,81.03,83,100,18.19,overcast clouds,2021-07-26 04:00:00
150,Ilulissat,GL,69.2167,-51.1,50.02,46,100,12.66,light rain,2021-07-26 04:01:46
151,Pangody,RU,65.85,74.4859,54.91,62,99,10.16,overcast clouds,2021-07-26 04:01:47
152,Moerai,PF,-22.4333,-151.3333,75.43,79,100,13.22,overcast clouds,2021-07-26 04:01:47
153,Banda Aceh,ID,5.5577,95.3222,86.04,68,100,12.73,overcast clouds,2021-07-26 04:01:47
154,Kapaa,US,22.0752,-159.319,84.18,83,43,1.99,light rain,2021-07-26 04:01:47
155,Korla,CN,41.7597,86.1469,96.08,12,0,12.37,clear sky,2021-07-26 04:01:48
156,Hirado,JP,33.3597,129.5531,88.36,63,100,5.68,overcast clouds,2021-07-26 04:01:48
157,Mikhaylov,RU,54.2292,39.0186,64.54,59,4,2.68,clear sky,2021-07-26 04:01:49
158,Upernavik,GL,72.7868,-56.1549,43.18,70,91,3.87,overcast clouds,2021-07-26 04:01:49
159,Fortuna,US,40.5982,-124.1573,55.85,90,100,1.99,overcast clouds,2021-07-26 04:01:00
160,Yumen,CN,40.2833,97.2,88.29,16,4,14.83,clear sky,2021-07-26 04:01:49
161,Veraval,IN,20.9,70.3667,79.05,88,100,19.89,overcast clouds,2021-07-26 04:01:50
162,Malpe,IN,13.35,74.7167,78.1,84,92,8.75,light rain,2021-07-26 04:01:50
163,Nikolskoye,RU,59.7035,30.7861,65.8,58,66,2.95,broken clouds,2021-07-26 04:01:50
164,Namalenga,TZ,-10.95,39.1,58.55,75,5,3.56,clear sky,2021-07-26 04:01:51
165,Anadyr,RU,64.75,177.4833,54.1,93,20,11.01,few clouds,2021-07-26 04:01:51
166,Qandala,SO,11.472,49.8728,86.77,50,27,18.14,scattered clouds,2021-07-26 04:01:51
167,Asau,RO,46.4333,26.4,64.76,77,4,3.38,clear sky,2021-07-26 04:01:52
168,Hilo,US,19.7297,-155.09,74.93,91,90,0.0,heavy intensity rain,2021-07-26 04:01:52
169,Saint George,US,37.1041,-113.5841,84.34,61,1,1.01,clear sky,2021-07-26 04:01:52
170,New Norfolk,AU,-42.7826,147.0587,56.7,88,100,3.0,overcast clouds,2021-07-26 04:01:53
171,Pamekasan,ID,-7.1568,113.4746,86.07,55,1,10.54,clear sky,2021-07-26 04:01:53
172,Griffith,US,41.5284,-87.4237,80.06,77,1,0.0,clear sky,2021-07-26 04:01:53
173,Victoria Point,AU,-27.5833,153.3,73.18,41,38,1.99,scattered clouds,2021-07-26 04:01:54
174,Mana,GF,5.6592,-53.7767,76.23,88,83,5.48,broken clouds,2021-07-26 04:01:54
175,Grand-Santi,GF,4.25,-54.3833,71.87,99,100,2.3,overcast clouds,2021-07-26 04:01:55
176,Kushima,JP,31.4583,131.2333,87.12,74,100,9.98,overcast clouds,2021-07-26 04:01:55
177,Pevek,RU,69.7008,170.3133,36.14,88,65,11.86,broken clouds,2021-07-26 04:01:56
178,Ahipara,NZ,-35.1667,173.1667,57.16,85,82,14.14,light rain,2021-07-26 04:01:56
179,Esperance,AU,-33.8667,121.9,63.0,62,2,21.34,clear sky,2021-07-26 04:01:56
180,Bira,RU,49.0,132.4667,75.2,87,100,1.41,overcast clouds,2021-07-26 04:01:57
181,Herrin,US,37.8031,-89.0276,78.71,100,1,0.0,mist,2021-07-26 03:59:19
182,Ixtapa,MX,20.7,-105.2,82.22,89,59,1.01,broken clouds,2021-07-26 04:01:58
183,Bilma,NE,18.6853,12.9164,87.51,48,100,7.2,overcast clouds,2021-07-26 04:01:58
184,Morondava,MG,-20.2833,44.2833,68.4,57,78,12.57,broken clouds,2021-07-26 04:01:58
185,Umba,RU,66.6871,34.3429,54.01,66,50,11.63,scattered clouds,2021-07-26 04:01:59
186,Tarakan,ID,3.3,117.6333,83.7,74,40,9.22,scattered clouds,2021-07-26 04:01:59
187,Padang,ID,-0.9492,100.3543,89.65,62,11,4.34,few clouds,2021-07-26 04:01:59
188,Aksu,CN,41.1231,80.2644,94.82,15,0,6.8,clear sky,2021-07-26 04:02:00
189,Burnie,AU,-41.0667,145.9167,54.64,83,93,16.28,light rain,2021-07-26 04:02:00
190,San Patricio,US,28.017,-97.5169,83.84,80,3,8.12,clear sky,2021-07-26 04:02:01
191,Coihaique,CL,-45.5752,-72.0662,30.36,98,24,4.34,few clouds,2021-07-26 04:02:01
192,Quelimane,MZ,-17.8786,36.8883,61.27,87,25,5.14,light rain,2021-07-26 04:02:02
193,Kaeo,NZ,-35.1,173.7833,56.55,86,53,10.07,broken clouds,2021-07-26 04:02:03
194,Cherskiy,RU,68.75,161.3,54.79,46,0,18.05,clear sky,2021-07-26 04:02:03
195,Ponta Do Sol,PT,32.6667,-17.1,73.0,84,4,3.13,clear sky,2021-07-26 04:02:04
196,Sai Buri,TH,6.7013,101.6168,88.02,59,93,3.74,overcast clouds,2021-07-26 04:02:04
197,Bilibino,RU,68.0546,166.4372,63.09,43,36,7.34,scattered clouds,2021-07-26 04:02:04
198,Tchollire,CM,8.4022,14.1698,69.51,96,100,2.62,overcast clouds,2021-07-26 04:02:05
199,Portland,US,45.5234,-122.6762,79.86,54,9,1.01,clear sky,2021-07-26 04:00:07
200,Katherine,AU,-14.4667,132.2667,86.32,30,99,8.05,overcast clouds,2021-07-26 04:02:05
201,Catuday,PH,16.2923,119.8062,82.8,82,96,21.14,overcast clouds,2021-07-26 04:02:05
202,Rawson,AR,-43.3002,-65.1023,42.26,49,19,15.7,few clouds,2021-07-26 04:02:06
203,Mahanoro,MG,-19.9,48.8,63.09,84,100,10.16,light rain,2021-07-26 04:02:06
204,Mokrousovo,RU,55.8103,66.7653,59.4,57,4,11.54,clear sky,2021-07-26 04:02:06
205,Clyde River,CA,70.4692,-68.5914,34.03,100,90,3.44,light rain,2021-07-26 04:02:07
206,Lamar,US,33.6668,-95.5836,85.66,82,0,6.17,clear sky,2021-07-26 04:02:07
207,Alofi,NU,-19.0595,-169.9187,78.01,72,13,2.59,few clouds,2021-07-26 04:02:08
208,Okhotsk,RU,59.3833,143.3,60.51,87,91,0.83,overcast clouds,2021-07-26 04:02:08
209,Bosobolo,CD,4.1833,19.9,70.66,87,95,2.82,overcast clouds,2021-07-26 04:02:08
210,Strezhevoy,RU,60.7333,77.5889,57.18,97,100,7.63,moderate rain,2021-07-26 04:02:09
211,Balikpapan,ID,-1.2675,116.8289,83.39,79,20,8.05,few clouds,2021-07-26 04:02:09
212,Orange Park,US,30.1661,-81.7065,82.49,83,1,1.01,mist,2021-07-26 04:02:09
213,Semypolky,UA,50.7167,30.9333,71.83,79,78,5.37,broken clouds,2021-07-26 04:02:10
214,Dondo,MZ,-19.6094,34.7431,59.88,87,47,8.66,light rain,2021-07-26 04:02:10
215,Antalaha,MG,-14.9003,50.2788,69.08,76,54,8.95,broken clouds,2021-07-26 04:02:10
216,Berlevag,NO,70.8578,29.0864,45.63,77,97,17.78,overcast clouds,2021-07-26 04:02:11
217,Port-Gentil,GA,-0.7193,8.7815,75.52,80,100,7.38,overcast clouds,2021-07-26 04:02:11
218,Lucea,JM,18.451,-78.1736,77.86,78,23,4.12,few clouds,2021-07-26 04:02:11
219,Grand Gaube,MU,-20.0064,57.6608,70.38,71,1,4.0,clear sky,2021-07-26 04:02:12
220,Wakkanai,JP,45.4094,141.6739,77.4,77,6,5.3,clear sky,2021-07-26 04:02:12
221,Kumsi,IN,14.0667,75.4,73.58,84,96,11.45,overcast clouds,2021-07-26 04:02:12
222,Cayenne,GF,4.9333,-52.3333,77.09,91,90,0.0,fog,2021-07-26 04:02:13
223,Nara,JP,34.6851,135.8049,94.96,43,17,5.26,few clouds,2021-07-26 04:02:13
224,Campos,BR,-21.75,-41.3,62.38,89,0,5.86,clear sky,2021-07-26 04:02:13
225,Longyearbyen,SJ,78.2186,15.6401,44.44,87,75,4.61,broken clouds,2021-07-26 04:00:58
226,Vestmannaeyjar,IS,63.4427,-20.2734,50.56,79,97,16.98,overcast clouds,2021-07-26 04:02:14
227,Wukari,NG,7.85,9.7833,70.56,90,99,5.97,overcast clouds,2021-07-26 04:02:14
228,Juneau,US,58.3019,-134.4197,56.84,93,93,2.1,light rain,2021-07-26 04:00:44
229,Srednekolymsk,RU,67.45,153.6833,59.43,36,76,14.74,broken clouds,2021-07-26 04:02:15
230,Doka,SD,13.5167,35.7667,70.03,94,100,9.71,overcast clouds,2021-07-26 04:02:15
231,Seydi,TM,39.4816,62.9137,100.87,11,0,15.73,clear sky,2021-07-26 04:02:15
232,Souillac,MU,-20.5167,57.5167,70.36,73,40,11.5,scattered clouds,2021-07-26 04:01:05
233,Carupano,VE,10.6678,-63.2585,75.49,91,100,4.68,overcast clouds,2021-07-26 04:02:16
234,San Pedro De Ycuamandiyu,PY,-24.0917,-57.0764,75.06,43,82,5.48,broken clouds,2021-07-26 04:02:16
235,Ugoofaaru,MV,5.6667,73.0,81.66,78,100,12.17,overcast clouds,2021-07-26 04:02:16
236,Meulaboh,ID,4.1363,96.1285,84.83,67,90,2.57,overcast clouds,2021-07-26 04:02:17
237,Bambous Virieux,MU,-20.3428,57.7575,70.21,73,40,11.5,scattered clouds,2021-07-26 04:02:17
238,Tartagal,AR,-22.5164,-63.8013,68.18,60,98,3.04,overcast clouds,2021-07-26 04:02:17
239,Safranbolu,TR,41.2508,32.6942,63.09,77,9,0.36,clear sky,2021-07-26 04:02:18
240,Ribeira Grande,PT,38.5167,-28.7,69.49,86,5,16.06,clear sky,2021-07-26 04:02:18
241,Huarmey,PE,-10.0681,-78.1522,64.36,88,3,11.12,clear sky,2021-07-26 04:02:19
242,Huntsville,US,34.7304,-86.5861,79.2,90,1,1.01,clear sky,2021-07-26 03:58:18
243,Roura,GF,4.7263,-52.3274,76.96,100,90,0.0,fog,2021-07-26 04:02:19
244,Waipawa,NZ,-41.4122,175.5153,54.23,90,99,11.97,overcast clouds,2021-07-26 04:02:19
245,Daru,PG,-9.0763,143.2092,77.81,78,100,11.81,overcast clouds,2021-07-26 04:02:20
246,Ystad,SE,55.4297,13.8204,68.74,92,98,7.9,overcast clouds,2021-07-26 04:02:20
247,Severodvinsk,RU,64.5635,39.8302,55.51,94,100,5.64,light rain,2021-07-26 04:02:20
248,Paramirim,BR,-13.4425,-42.2389,60.6,78,0,6.04,clear sky,2021-07-26 04:02:21
249,Kijang,KR,35.2442,129.2139,83.71,64,2,9.1,clear sky,2021-07-26 04:02:21
250,Brus Laguna,HN,15.75,-84.4833,74.82,91,47,0.89,scattered clouds,2021-07-26 04:02:21
251,Torbay,CA,47.6666,-52.7314,56.28,94,98,4.23,overcast clouds,2021-07-26 04:02:22
252,Glazov,RU,58.1394,52.6584,56.53,65,92,6.29,overcast clouds,2021-07-26 04:02:22
253,Kahului,US,20.8947,-156.47,83.46,88,36,10.0,scattered clouds,2021-07-26 04:01:02
254,Sivas,TR,39.7916,37.0019,59.32,82,0,2.84,clear sky,2021-07-26 03:59:16
255,Oussouye,SN,12.485,-16.5469,75.38,87,100,2.15,overcast clouds,2021-07-26 04:02:23
256,Mandalgovi,MN,45.7625,106.2708,66.18,60,100,8.32,overcast clouds,2021-07-26 04:02:23
257,Lavrentiya,RU,65.5833,-171.0,44.04,98,100,6.51,overcast clouds,2021-07-26 04:02:23
258,Vostok,RU,46.4856,135.8833,91.92,41,83,5.95,broken clouds,2021-07-26 04:02:24
259,Carutapera,BR,-1.195,-46.02,75.15,88,10,3.13,clear sky,2021-07-26 04:02:24
260,Prainha,BR,-1.8,-53.48,73.96,70,83,2.08,broken clouds,2021-07-26 04:02:24
261,Bintulu,MY,3.1667,113.0333,87.24,67,78,2.26,broken clouds,2021-07-26 04:02:25
262,Ravar,IR,31.2656,56.8055,87.15,12,0,12.59,clear sky,2021-07-26 04:02:25
263,Kaoma,ZM,-14.7833,24.8,44.29,73,0,7.49,clear sky,2021-07-26 04:02:25
264,Wajir,KE,1.7471,40.0573,69.78,68,7,14.0,clear sky,2021-07-26 04:02:26
265,Soria,ES,41.6667,-2.6667,57.0,84,74,3.24,broken clouds,2021-07-26 04:02:26
266,Te Anau,NZ,-45.4167,167.7167,46.18,94,100,3.02,overcast clouds,2021-07-26 04:01:45
267,Kutum,SD,14.2,24.6667,72.48,73,100,7.43,overcast clouds,2021-07-26 04:02:26
268,Vao,NC,-22.6667,167.4833,70.41,63,90,18.63,overcast clouds,2021-07-26 04:02:27
269,Kirakira,SB,-10.4544,161.9205,84.52,63,80,11.52,broken clouds,2021-07-26 04:02:27
270,Van Buren,US,35.4368,-94.3483,84.02,85,1,3.44,clear sky,2021-07-26 04:02:28
271,Roebourne,AU,-20.7833,117.1333,80.38,29,72,6.58,broken clouds,2021-07-26 04:02:28
272,Olafsvik,IS,64.8945,-23.7142,49.28,82,88,12.24,overcast clouds,2021-07-26 04:02:28
273,Tilichiki,RU,60.4667,166.1,56.16,91,100,7.92,overcast clouds,2021-07-26 04:02:29
274,Oliveira Dos Brejinhos,BR,-12.3169,-42.8961,66.18,47,20,5.77,few clouds,2021-07-26 04:02:29
275,Fort Nelson,CA,58.8053,-122.7002,62.13,63,39,2.68,scattered clouds,2021-07-26 04:00:50
276,Bograd,RU,54.2344,90.8328,71.35,63,84,4.29,light rain,2021-07-26 04:02:29
277,Gorgan,IR,36.8387,54.4348,82.31,76,90,4.36,overcast clouds,2021-07-26 04:02:30
278,Yar-Sale,RU,66.8333,70.8333,55.81,60,81,6.71,broken clouds,2021-07-26 04:02:30
279,Sojat,IN,25.9167,73.6667,85.1,71,98,12.93,overcast clouds,2021-07-26 04:02:30
280,Namibe,AO,-15.1961,12.1522,69.49,56,0,7.99,clear sky,2021-07-26 04:02:31
281,Ereymentau,KZ,51.6199,73.1033,65.68,54,0,15.01,clear sky,2021-07-26 04:02:31
282,Salalah,OM,17.0151,54.0924,77.27,92,100,14.14,overcast clouds,2021-07-26 04:00:54
283,Pittsburg,US,38.028,-121.8847,80.96,31,96,5.99,overcast clouds,2021-07-26 04:02:31
284,Tres Picos,MX,15.8667,-93.5333,78.19,87,25,3.96,scattered clouds,2021-07-26 04:02:32
285,Ambunti,PG,-4.2365,142.8448,92.16,49,41,1.5,scattered clouds,2021-07-26 04:02:32
286,Ngunguru,NZ,-35.6167,174.5,58.53,79,50,12.01,scattered clouds,2021-07-26 04:02:33
287,Mandan,US,46.8267,-100.8896,80.96,50,20,7.0,few clouds,2021-07-26 04:02:13
288,Dom Pedrito,BR,-30.9828,-54.6731,61.39,94,100,2.48,overcast clouds,2021-07-26 04:01:56
289,Vardo,NO,70.3705,31.1107,46.6,74,64,22.44,broken clouds,2021-07-26 04:02:33
290,Sao Joao Da Barra,BR,-21.6403,-41.0511,68.38,79,0,14.76,clear sky,2021-07-26 04:02:34
291,Effium,NG,6.6292,8.0593,70.11,91,99,4.83,overcast clouds,2021-07-26 04:02:34
292,Chateaudun,FR,48.0833,1.3333,61.59,100,0,3.44,clear sky,2021-07-26 04:02:34
293,Provideniya,RU,64.3833,-173.3,50.11,81,90,11.18,overcast clouds,2021-07-26 04:02:35
294,Usak,TR,38.5,29.4167,63.45,61,0,6.15,clear sky,2021-07-26 04:02:35
295,Dingle,PH,10.9995,122.6711,88.65,61,98,16.6,overcast clouds,2021-07-26 04:02:35
296,Orange Cove,US,36.6244,-119.3137,92.86,30,1,3.44,clear sky,2021-07-26 04:02:36
297,Bagdarin,RU,54.4333,113.6,69.39,59,42,3.24,scattered clouds,2021-07-26 04:02:36
298,Shimanovsk,RU,52.0,127.7,75.88,57,100,1.9,overcast clouds,2021-07-26 04:02:36
299,Olavarria,AR,-36.8927,-60.3225,41.34,64,61,6.4,broken clouds,2021-07-26 04:02:37
300,Puerto Escondido,MX,15.85,-97.0667,80.08,85,62,4.97,broken clouds,2021-07-26 03:59:24
301,Sitka,US,57.0531,-135.33,53.37,92,100,0.76,overcast clouds,2021-07-26 04:02:37
302,Redding,US,40.5865,-122.3917,93.69,29,87,2.48,overcast clouds,2021-07-26 04:00:06
303,Vila Velha,BR,-20.3297,-40.2925,55.94,78,5,5.64,clear sky,2021-07-26 04:02:38
304,Sur,OM,22.5667,59.5289,91.94,53,96,9.55,overcast clouds,2021-07-26 04:02:38
305,Pyaozerskiy,RU,65.8333,31.1667,58.57,76,81,7.45,broken clouds,2021-07-26 04:02:38
306,Manuk Mangkaw,PH,4.8,119.85,83.66,77,72,13.71,broken clouds,2021-07-26 04:02:38
307,Coro,VE,11.4045,-69.6734,78.31,86,100,2.59,moderate rain,2021-07-26 04:02:39
308,Changji,CN,44.0167,87.3167,92.19,19,0,6.71,clear sky,2021-07-26 04:02:39
309,Red Wing,US,44.5625,-92.5338,80.33,70,1,1.99,clear sky,2021-07-26 04:02:39
310,Alekseyevka,RU,50.6309,38.6903,67.03,59,19,4.99,few clouds,2021-07-26 04:02:40
311,Kendari,ID,-3.945,122.4989,83.86,57,58,4.9,broken clouds,2021-07-26 04:02:40
312,Leningradskiy,RU,69.3833,178.4167,38.3,88,99,4.56,overcast clouds,2021-07-26 04:02:40
313,Castlemaine,AU,-37.0667,144.2167,55.27,94,100,12.8,overcast clouds,2021-07-26 04:00:51
314,Tasiilaq,GL,65.6145,-37.6368,41.16,83,23,3.36,few clouds,2021-07-26 04:02:41
315,Berezovyy,RU,51.6667,135.7,70.02,92,100,4.32,light rain,2021-07-26 04:02:41
316,Balkanabat,TM,39.5108,54.3671,85.5,63,3,6.15,clear sky,2021-07-26 04:02:42
317,Mackenzie,CA,55.2999,-123.1698,56.16,82,75,4.38,broken clouds,2021-07-26 04:02:42
318,Faanui,PF,-16.4833,-151.75,78.01,70,49,10.47,scattered clouds,2021-07-26 04:02:42
319,Gavle,SE,60.6745,17.1417,66.99,60,78,4.54,broken clouds,2021-07-26 04:02:43
320,Tutoia,BR,-2.7619,-42.2744,76.64,83,5,7.56,clear sky,2021-07-26 04:02:43
321,Port Hardy,CA,50.6996,-127.4199,59.61,93,100,7.78,overcast clouds,2021-07-26 04:02:01
322,Hulan Ergi,CN,47.2042,123.6333,68.65,95,100,6.73,light rain,2021-07-26 04:02:44
323,Uusikaupunki,FI,60.8004,21.4084,59.52,74,3,3.06,clear sky,2021-07-26 04:02:44
324,Estevan,CA,49.1334,-102.9842,67.21,38,0,10.04,clear sky,2021-07-26 04:02:44
325,Gorin,RU,51.1983,136.6669,82.98,58,100,1.32,light rain,2021-07-26 04:02:45
326,Nantucket,US,41.2835,-70.0995,73.99,92,90,12.66,overcast clouds,2021-07-26 04:02:45
327,Cockburn Town,TC,21.4612,-71.1419,82.26,83,71,18.88,broken clouds,2021-07-26 04:02:45
328,Manitowoc,US,44.0667,-87.8001,71.82,74,0,9.78,clear sky,2021-07-26 04:02:46
329,Chuy,UY,-33.6971,-53.4616,58.53,96,38,5.77,scattered clouds,2021-07-26 04:02:46
330,Eureka,US,40.8021,-124.1637,56.12,79,100,1.01,overcast clouds,2021-07-26 04:00:40
331,Phulabani,IN,20.4667,84.2333,82.83,68,94,12.68,overcast clouds,2021-07-26 04:02:46
332,Mineros,BO,-17.1167,-63.2333,73.04,51,0,6.4,clear sky,2021-07-26 04:02:47
333,Riyadh,SA,24.6877,46.7219,89.65,22,0,2.3,clear sky,2021-07-26 03:59:31
334,Mount Gambier,AU,-37.8333,140.7667,57.11,94,90,16.11,light rain,2021-07-26 04:02:47
335,Barcelos,PT,41.5388,-8.6151,63.91,93,4,3.56,clear sky,2021-07-26 04:02:48
336,Palu,ID,-0.8917,119.8707,91.24,50,17,2.93,few clouds,2021-07-26 04:02:48
337,Huaihua,CN,27.5494,109.9592,91.99,53,1,2.15,light rain,2021-07-26 04:02:48
338,Mattru,SL,7.6244,-11.8332,72.57,95,98,1.86,overcast clouds,2021-07-26 04:02:49
339,Warrnambool,AU,-38.3833,142.4833,58.8,84,99,19.84,overcast clouds,2021-07-26 04:02:49
340,Middelburg,ZA,-25.7751,29.4648,35.87,71,0,3.15,clear sky,2021-07-26 04:01:46
341,Belaya Gora,RU,68.5333,146.4167,63.18,31,8,9.93,clear sky,2021-07-26 04:02:49
342,Akyab,MM,20.15,92.9,80.04,92,100,24.14,light rain,2021-07-26 04:02:50
343,Alekseyevsk,RU,57.8406,108.3492,85.51,32,13,7.18,few clouds,2021-07-26 04:02:50
344,Yarmouth,US,41.7057,-70.2286,73.96,92,90,8.01,overcast clouds,2021-07-26 04:02:50
345,Koumac,NC,-20.5667,164.2833,74.03,61,17,16.91,few clouds,2021-07-26 04:02:51
346,Frolovo,RU,49.7713,43.6622,70.57,46,29,9.57,scattered clouds,2021-07-26 04:02:51
347,Biak,ID,-0.9131,122.8766,80.76,74,76,6.89,broken clouds,2021-07-26 04:02:51
348,Sokode,TG,8.9833,1.1333,67.66,95,74,1.99,broken clouds,2021-07-26 04:02:52
349,Chicama,PE,-7.8447,-79.1469,64.87,87,15,4.99,few clouds,2021-07-26 04:02:52
350,Conde,BR,-7.2597,-34.9075,72.23,88,58,10.11,broken clouds,2021-07-26 04:02:53
351,Axim,GH,4.8699,-2.2405,74.34,78,39,8.55,scattered clouds,2021-07-26 04:02:53
352,Prince Rupert,CA,54.3161,-130.3201,57.29,89,90,3.44,light rain,2021-07-26 03:58:41
353,San Luis Potosi,MX,22.5,-100.5,62.47,94,3,10.4,clear sky,2021-07-26 03:58:45
354,Rocha,UY,-34.4833,-54.3333,55.83,96,88,9.48,overcast clouds,2021-07-26 04:02:53
355,Atar,MR,20.5169,-13.0499,84.97,34,96,1.48,overcast clouds,2021-07-26 04:02:54
356,Fairbanks,US,64.8378,-147.7164,69.6,59,100,1.01,overcast clouds,2021-07-26 04:00:01
357,Bathsheba,BB,13.2167,-59.5167,80.71,83,100,12.35,overcast clouds,2021-07-26 04:02:54
358,Bondo,CD,3.8146,23.6866,69.22,96,100,2.37,overcast clouds,2021-07-26 04:02:54
359,Puteyets,RU,65.1716,57.091,47.41,83,97,6.11,overcast clouds,2021-07-26 04:02:55
360,Kaitangata,NZ,-46.2817,169.8464,48.02,94,100,3.44,overcast clouds,2021-07-26 04:02:55
361,Luanda,AO,-8.8368,13.2343,68.0,88,40,2.3,scattered clouds,2021-07-26 04:01:45
362,Ellisras,ZA,-23.6649,27.7443,41.72,85,0,5.17,clear sky,2021-07-26 04:02:56
363,Filingue,NE,14.3521,3.3168,82.87,64,100,15.1,overcast clouds,2021-07-26 04:02:56
364,Florida,US,28.7505,-82.5001,81.77,71,1,0.0,clear sky,2021-07-26 04:02:56
365,Rockland,US,41.1668,-74.0496,78.46,92,5,2.82,clear sky,2021-07-26 04:00:43
366,Lerwick,GB,60.1545,-1.1494,57.2,97,75,7.2,broken clouds,2021-07-26 04:02:57
367,Izhevskoye,RU,54.5567,40.8703,63.3,53,100,4.09,overcast clouds,2021-07-26 04:02:57
368,Harnosand,SE,62.6323,17.9379,61.0,70,10,3.0,clear sky,2021-07-26 04:02:57
369,Blagoveshchensk,RU,50.2667,127.5333,75.81,88,40,2.24,scattered clouds,2021-07-26 04:02:58
370,Brownwood,US,31.7093,-98.9912,87.3,38,1,12.48,clear sky,2021-07-26 04:02:58
371,Tovste,UA,48.8466,25.7262,64.11,79,9,4.92,clear sky,2021-07-26 04:02:58
372,Kuching,MY,1.55,110.3333,89.82,70,40,3.44,scattered clouds,2021-07-26 04:02:59
373,Tigil,RU,57.8,158.6667,71.4,72,88,11.41,overcast clouds,2021-07-26 04:02:59
374,Mathbaria,BD,22.2876,89.9593,89.33,67,100,7.11,overcast clouds,2021-07-26 04:02:59
375,Makinsk,KZ,52.6292,70.4169,53.31,55,2,11.77,clear sky,2021-07-26 04:03:00
376,Hamilton,US,39.1834,-84.5333,77.99,88,1,1.01,clear sky,2021-07-26 04:03:00
377,Djibo,BF,14.1022,-1.6306,83.16,61,79,13.51,broken clouds,2021-07-26 04:03:00
378,Shelburne,CA,44.0787,-80.2041,66.67,62,0,8.25,clear sky,2021-07-26 04:02:01
379,Yulara,AU,-25.2406,130.9889,72.84,19,3,8.81,clear sky,2021-07-26 04:01:17
380,Maceio,BR,-9.6658,-35.7353,71.04,100,40,1.14,scattered clouds,2021-07-26 03:59:08
381,Bustamante,MX,26.5333,-100.5,83.14,41,0,5.59,clear sky,2021-07-26 04:03:01
382,Saint-Francois,FR,46.4154,3.9054,62.47,89,75,3.44,broken clouds,2021-07-26 04:03:01
383,Rio Verde De Mato Grosso,BR,-18.9181,-54.8442,70.9,41,0,5.39,clear sky,2021-07-26 04:03:02
384,Inhambane,MZ,-23.865,35.3833,66.4,54,68,11.88,broken clouds,2021-07-26 04:03:02
385,Tilaran,CR,10.4703,-84.9671,69.08,93,100,5.1,overcast clouds,2021-07-26 04:03:03
386,Talaya,RU,61.3833,152.75,56.98,98,100,2.98,heavy intensity rain,2021-07-26 04:03:03
387,Tahoua,NE,14.8888,5.2692,77.0,74,100,9.93,overcast clouds,2021-07-26 04:03:04
388,Palana,RU,59.1167,159.9667,55.06,88,96,12.82,overcast clouds,2021-07-26 04:03:04
389,Pitelino,RU,54.5777,41.8145,62.38,56,85,3.76,overcast clouds,2021-07-26 04:03:04
390,Salinas,US,36.6777,-121.6555,68.56,82,97,1.92,overcast clouds,2021-07-26 04:00:12
391,Ola,RU,59.5833,151.2833,56.17,96,100,8.12,light rain,2021-07-26 04:03:05
392,Kasongo-Lunda,CD,-6.4667,16.8167,64.44,41,80,0.85,broken clouds,2021-07-26 04:03:05
393,Darab,IR,28.7519,54.5444,92.86,10,0,12.01,clear sky,2021-07-26 04:03:06
394,Temerloh,MY,3.4483,102.4176,91.24,53,52,2.33,broken clouds,2021-07-26 04:03:06
395,Roald,NO,62.5833,6.1333,63.34,100,90,8.05,fog,2021-07-26 04:03:06
396,Gat,IL,31.61,34.7642,79.48,80,33,3.6,scattered clouds,2021-07-26 04:03:07
397,San Vicente De Canete,PE,-13.0751,-76.3835,62.11,85,33,3.27,scattered clouds,2021-07-26 04:03:07
398,Poya,NC,-21.35,165.15,73.94,57,67,10.4,broken clouds,2021-07-26 04:03:07
399,Pacific Grove,US,36.6177,-121.9166,64.81,90,99,1.01,overcast clouds,2021-07-26 04:01:20
400,Outjo,NA,-20.1167,16.15,51.51,53,16,12.84,few clouds,2021-07-26 04:01:19
401,Macaubas,BR,-13.0194,-42.6986,60.71,69,0,4.36,clear sky,2021-07-26 04:03:09
402,Hasaki,JP,35.7333,140.8333,84.29,69,99,20.85,heavy intensity rain,2021-07-26 04:02:29
403,Ostrovnoy,RU,68.0531,39.5131,44.98,87,94,22.17,overcast clouds,2021-07-26 04:03:10
404,Turangi,NZ,-39.0,175.9333,47.8,99,100,6.51,overcast clouds,2021-07-26 04:03:10
405,Comarapa,BO,-17.9,-64.4833,48.11,93,26,2.71,scattered clouds,2021-07-26 04:03:11
406,Hakkari,TR,37.5833,44.1667,73.94,34,0,1.19,clear sky,2021-07-26 04:03:11
407,Srivardhan,IN,18.0333,73.0167,81.91,84,96,16.69,overcast clouds,2021-07-26 04:03:11
408,Malaga,ES,36.7202,-4.4203,79.74,53,0,21.0,clear sky,2021-07-26 04:03:12
409,Coahuayana,MX,18.7333,-103.6833,78.6,89,32,1.41,scattered clouds,2021-07-26 04:03:12
410,Port Augusta,AU,-32.5,137.7667,63.72,31,5,18.32,clear sky,2021-07-26 04:03:12
411,Sinnamary,GF,5.3833,-52.95,76.89,88,99,5.53,overcast clouds,2021-07-26 04:03:13
412,Makakilo City,US,21.3469,-158.0858,79.68,78,43,18.54,scattered clouds,2021-07-26 04:02:58
413,Rio Tuba,PH,8.5061,117.4317,86.23,73,57,15.14,broken clouds,2021-07-26 04:03:13
414,Namatanai,PG,-3.6667,152.4333,82.94,72,80,1.59,light rain,2021-07-26 04:03:14
415,Belur,IN,13.1667,75.8667,68.5,93,100,8.32,overcast clouds,2021-07-26 04:03:14
416,Ca Mau,VN,9.1769,105.15,90.43,55,46,10.09,scattered clouds,2021-07-26 04:03:15
417,Mount Isa,AU,-20.7333,139.5,74.97,17,65,8.05,broken clouds,2021-07-26 04:01:24
418,Berea,US,41.3662,-81.8543,73.22,86,86,2.89,overcast clouds,2021-07-26 04:00:26
419,Codrington,AU,-38.2667,141.9667,57.61,84,77,18.14,light rain,2021-07-26 04:03:15
420,Liberia,LR,6.5,-9.5,69.51,95,89,1.79,overcast clouds,2021-07-26 04:03:16
421,Saiki,JP,32.95,131.9,82.76,73,26,10.29,scattered clouds,2021-07-26 04:03:16
422,Bermeo,ES,43.4209,-2.7215,66.13,90,82,8.19,broken clouds,2021-07-26 04:03:16
423,Nortelandia,BR,-14.4547,-56.8028,71.64,49,7,4.41,clear sky,2021-07-26 04:03:16
424,Oranjemund,NA,-28.55,16.4333,63.54,31,100,13.71,overcast clouds,2021-07-26 04:03:17
425,Providencia,MX,28.7167,-111.5833,88.86,47,10,5.44,clear sky,2021-07-26 04:03:17
426,Ornskoldsvik,SE,63.2909,18.7153,59.95,94,77,3.44,broken clouds,2021-07-26 04:03:18
427,Moron,AR,-34.6534,-58.6198,52.99,96,0,4.36,clear sky,2021-07-26 04:03:18
428,Luderitz,NA,-26.6481,15.1594,65.77,31,79,13.18,broken clouds,2021-07-26 04:03:18
429,Kevelaer,DE,51.5833,6.25,64.96,96,0,1.99,clear sky,2021-07-26 04:03:19
430,Savannah Bight,HN,16.45,-85.85,82.0,75,20,7.67,few clouds,2021-07-26 04:03:19
431,Bellmead,US,31.594,-97.1089,84.79,70,1,3.44,clear sky,2021-07-26 04:03:19
432,Aberdeen,GB,57.1437,-2.0981,61.29,100,90,6.91,overcast clouds,2021-07-26 04:03:20
433,Dakoro,NE,14.5106,6.765,78.62,73,92,14.45,overcast clouds,2021-07-26 04:03:20
434,Sao Felix Do Xingu,BR,-6.6447,-51.995,70.36,54,4,2.35,clear sky,2021-07-26 04:03:20
435,Marianske Lazne,CZ,49.9646,12.7012,62.64,83,37,2.82,scattered clouds,2021-07-26 04:03:20
436,Tuscaloosa,US,33.2098,-87.5692,80.17,88,1,3.44,clear sky,2021-07-26 04:03:21
437,Tiznit,MA,29.5833,-9.5,71.87,51,0,2.44,clear sky,2021-07-26 04:03:21
438,Baie-Comeau,CA,49.2168,-68.1489,66.09,100,90,3.44,mist,2021-07-26 04:03:21
439,Port Pirie,AU,-33.1833,138.0167,62.47,44,7,15.26,clear sky,2021-07-26 04:03:22
440,Green River,US,41.5286,-109.4662,80.19,24,2,1.99,clear sky,2021-07-26 04:03:22
441,Mataruska Banja,RS,43.6901,20.6109,62.98,88,0,0.0,clear sky,2021-07-26 04:03:23
442,Port Blair,IN,11.6667,92.75,84.36,78,83,20.94,broken clouds,2021-07-26 04:03:23
443,Naze,JP,28.3667,129.4833,76.03,93,100,17.38,overcast clouds,2021-07-26 04:03:23
444,Cabedelo,BR,-6.9811,-34.8339,75.24,83,59,13.73,broken clouds,2021-07-26 04:03:24
445,Port Hedland,AU,-20.3167,118.5667,80.65,22,88,8.05,overcast clouds,2021-07-26 04:03:24
446,Atlantic City,US,39.3643,-74.4229,79.05,89,90,5.75,overcast clouds,2021-07-26 04:03:24
447,Nizhniy Chir,RU,48.3597,43.0865,70.72,47,6,16.62,clear sky,2021-07-26 04:03:25
448,Ambon,ID,-3.6954,128.1814,87.94,66,40,4.61,scattered clouds,2021-07-26 03:59:59
449,Le Port,RE,-20.9373,55.2919,69.76,72,35,4.92,scattered clouds,2021-07-26 04:03:25
450,Kavaratti,IN,10.5669,72.642,81.5,79,100,20.18,overcast clouds,2021-07-26 04:03:26
451,Solnechnyy,RU,50.7214,136.6319,87.58,45,100,9.46,light rain,2021-07-26 04:03:26
452,Kastamonu,TR,41.5,33.6667,59.16,84,88,1.92,overcast clouds,2021-07-26 04:03:26
453,Filadelfia,US,39.9523,-75.1638,79.02,87,80,3.78,broken clouds,2021-07-26 04:02:13
454,Mombetsu,JP,44.3525,143.3525,78.44,69,13,6.53,few clouds,2021-07-26 04:03:27
455,Nicoya,CR,10.1483,-85.452,74.61,90,100,2.17,overcast clouds,2021-07-26 04:03:27
456,Sambava,MG,-14.2667,50.1667,66.76,81,38,12.28,scattered clouds,2021-07-26 04:03:27
457,Boca Do Acre,BR,-8.7522,-67.3978,76.87,62,75,2.13,broken clouds,2021-07-26 04:03:28
458,Ituporanga,BR,-27.4144,-49.6025,54.01,85,76,1.86,broken clouds,2021-07-26 04:03:28
459,Brae,GB,60.3964,-1.353,57.11,94,56,7.81,broken clouds,2021-07-26 04:03:28
460,Baherden,TM,38.4362,57.4316,92.59,40,0,10.83,clear sky,2021-07-26 04:03:29
461,Basco,PH,20.4487,121.9702,82.4,88,80,28.23,broken clouds,2021-07-26 04:03:29
462,Mahina,PF,-17.5065,-149.489,78.57,69,20,10.36,few clouds,2021-07-26 04:03:29
463,Eyl,SO,7.9803,49.8164,79.14,59,96,23.53,overcast clouds,2021-07-26 04:03:30
464,Tautira,PF,-17.7333,-149.15,78.82,72,4,5.88,clear sky,2021-07-26 04:03:30
465,Allanridge,ZA,-27.7543,26.6438,34.12,55,33,3.33,scattered clouds,2021-07-26 04:03:30
466,Pisco,PE,-13.7,-76.2167,61.02,86,1,3.47,clear sky,2021-07-26 04:03:31
467,Kisangani,CD,0.5167,25.2,71.62,84,96,1.92,light rain,2021-07-26 04:03:31
468,Comodoro Rivadavia,AR,-45.8667,-67.5,42.06,48,43,21.3,scattered clouds,2021-07-26 04:03:31
469,Olinda,BR,-8.0089,-34.8553,71.33,88,75,3.44,broken clouds,2021-07-26 04:03:32
470,Makurdi,NG,7.7411,8.5121,70.0,96,91,4.5,overcast clouds,2021-07-26 04:03:32
471,Erzin,TR,36.9559,36.2,79.52,65,0,0.34,clear sky,2021-07-26 04:03:32
472,Ribas Do Rio Pardo,BR,-20.4431,-53.7592,67.64,43,0,3.76,clear sky,2021-07-26 04:03:33
473,Belmonte,BR,-15.8631,-38.8828,66.7,84,65,7.65,broken clouds,2021-07-26 04:03:33
474,Bayan,CN,46.0833,127.4,86.36,58,100,14.76,overcast clouds,2021-07-26 04:03:33
475,Bontang,ID,0.1333,117.5,83.8,70,6,8.43,clear sky,2021-07-26 04:03:34
476,Kavieng,PG,-2.5744,150.7967,83.43,68,36,3.74,scattered clouds,2021-07-26 04:03:34
477,Xam Nua,LA,20.4197,104.0439,70.99,97,100,1.81,overcast clouds,2021-07-26 04:03:34
478,Half Moon Bay,US,37.4636,-122.4286,72.52,80,75,1.01,broken clouds,2021-07-26 04:01:44
479,Mehriz,IR,31.5917,54.4318,81.1,11,0,6.55,clear sky,2021-07-26 04:03:35
480,Karratha,AU,-20.7377,116.8463,80.73,29,62,6.38,broken clouds,2021-07-26 04:03:35
481,Kruisfontein,ZA,-34.0033,24.7314,53.1,34,93,12.44,overcast clouds,2021-07-26 04:03:36
482,Mashhad,IR,36.297,59.6062,91.54,31,0,13.8,clear sky,2021-07-26 04:03:36
483,Polevskoy,RU,56.4422,60.1878,57.4,51,100,6.53,overcast clouds,2021-07-26 04:03:37
484,Lac-Megantic,CA,45.5834,-70.8823,62.62,96,7,4.63,clear sky,2021-07-26 04:03:37
485,Santa Maria,BR,-29.6842,-53.8069,67.3,75,98,2.46,overcast clouds,2021-07-26 04:03:37
486,Ponta Delgada,PT,37.7333,-25.6667,66.92,94,40,6.91,scattered clouds,2021-07-26 04:03:38
487,Vanavara,RU,60.34,102.2797,84.04,33,56,6.62,broken clouds,2021-07-26 04:03:38
488,Beruwala,LK,6.4788,79.9828,79.88,86,100,12.97,light rain,2021-07-26 04:03:38
489,Pontianak,ID,-0.0333,109.3333,87.78,70,75,6.91,broken clouds,2021-07-26 04:03:38
490,Marsh Harbour,BS,26.5412,-77.0636,82.18,77,95,14.79,overcast clouds,2021-07-26 04:03:39
491,Severo-Yeniseyskiy,RU,60.3725,93.0408,81.54,34,38,9.82,scattered clouds,2021-07-26 04:03:39
492,Ancud,CL,-41.8697,-73.8203,43.61,77,27,8.01,scattered clouds,2021-07-26 04:03:39
493,Abu Samrah,SY,35.3029,37.1841,79.02,55,0,4.41,clear sky,2021-07-26 04:03:40
494,Vavozh,RU,56.7751,51.931,59.63,51,91,7.09,overcast clouds,2021-07-26 04:03:40
495,Nachingwea,TZ,-10.3833,38.7667,61.5,61,6,8.3,clear sky,2021-07-26 04:03:40
496,Limbang,MY,4.75,115.0,91.51,45,85,3.83,overcast clouds,2021-07-26 04:03:41
497,Cleveland,US,41.4995,-81.6954,72.95,84,1,0.0,clear sky,2021-07-26 04:02:03
498,Broome,US,42.2506,-75.833,69.66,83,0,2.59,clear sky,2021-07-26 04:03:41
499,Krasnaya Gorbatka,RU,55.8703,41.7641,63.19,59,76,4.27,broken clouds,2021-07-26 04:03:42
500,Besikduzu,TR,41.052,39.2284,76.89,80,28,3.49,scattered clouds,2021-07-26 04:03:42
501,Chapais,CA,49.7834,-74.8492,55.18,93,86,3.78,overcast clouds,2021-07-26 04:02:57
502,Lompoc,US,34.6391,-120.4579,67.78,86,90,5.75,overcast clouds,2021-07-26 04:03:42
503,Njombe,TZ,-9.3333,34.7667,39.79,92,4,7.78,clear sky,2021-07-26 04:03:43
504,Belyy Yar,RU,53.6039,91.3903,73.29,73,0,4.47,clear sky,2021-07-26 04:03:43
505,Gewane,ET,10.1664,40.6453,75.9,58,94,12.19,light rain,2021-07-26 04:03:44
506,Sobolevo,RU,54.4299,31.8996,64.69,74,46,5.35,scattered clouds,2021-07-26 04:03:44
507,San Andres,CO,12.5847,-81.7006,80.76,82,78,14.99,broken clouds,2021-07-26 04:03:44
508,Badiraguato,MX,25.3667,-107.5167,83.25,93,90,5.41,overcast clouds,2021-07-26 04:03:44
509,Kulhudhuffushi,MV,6.6221,73.07,82.33,76,93,14.27,overcast clouds,2021-07-26 04:03:45
510,Sept-Iles,CA,50.2001,-66.3821,61.32,96,90,1.01,mist,2021-07-26 04:03:45
511,Vila Do Maio,CV,15.1333,-23.2167,75.99,76,91,8.3,overcast clouds,2021-07-26 04:03:46
512,Vicuna,CL,-30.0319,-70.7081,51.85,61,0,1.63,clear sky,2021-07-26 04:03:46
513,Pangnirtung,CA,66.1451,-65.7125,51.37,89,100,4.83,overcast clouds,2021-07-26 04:03:46
514,Macklin,CA,52.3334,-109.9348,61.75,63,46,5.46,moderate rain,2021-07-26 04:03:47
515,Mantenopolis,BR,-18.8625,-41.1228,60.71,87,63,2.91,broken clouds,2021-07-26 04:03:47
516,Marsa Matruh,EG,31.3525,27.2453,76.35,71,0,8.19,clear sky,2021-07-26 04:03:47
517,Aswan,EG,24.0934,32.907,83.37,25,0,7.87,clear sky,2021-07-26 04:03:48
518,Porto Novo,BJ,6.4965,2.6036,73.78,81,38,7.29,scattered clouds,2021-07-26 04:03:48
519,Barranca,PE,-10.75,-77.7667,62.67,86,18,8.97,few clouds,2021-07-26 04:03:33
520,Syasstroy,RU,60.1367,32.5691,62.73,70,49,6.46,scattered clouds,2021-07-26 04:03:48
521,Kosice,SK,48.6667,21.3333,64.89,96,20,5.75,few clouds,2021-07-26 04:03:48
522,Acarau,BR,-2.8856,-40.12,77.0,83,11,15.28,few clouds,2021-07-26 04:03:49
523,Nago,JP,26.5881,127.9761,88.23,80,99,10.67,overcast clouds,2021-07-26 04:03:49
524,Nabire,ID,-3.3667,135.4833,87.76,58,23,5.23,few clouds,2021-07-26 04:03:50
525,Chara,RU,56.9064,118.2631,71.4,45,11,9.33,few clouds,2021-07-26 04:03:50
526,Troitsko-Pechorsk,RU,62.7084,56.1964,54.16,78,96,5.97,overcast clouds,2021-07-26 04:03:50
527,Marawi,PH,7.9986,124.2928,85.64,49,69,6.11,broken clouds,2021-07-26 04:03:51
528,Teguldet,RU,57.3064,88.1667,79.56,60,100,1.28,overcast clouds,2021-07-26 04:03:51
529,Sao Francisco,BR,-15.9486,-44.8644,63.3,48,8,5.32,clear sky,2021-07-26 04:00:05
530,Geraldton,AU,-28.7667,114.6,67.12,72,40,16.11,scattered clouds,2021-07-26 04:03:51
531,Lowicz,PL,52.1071,19.9453,72.28,86,83,8.03,broken clouds,2021-07-26 04:03:52
532,Campbell River,CA,50.0163,-125.2446,70.27,61,88,1.03,overcast clouds,2021-07-26 04:03:52
533,Talnakh,RU,69.4865,88.3972,63.91,78,99,4.85,overcast clouds,2021-07-26 04:03:52
534,Tono,JP,39.3167,141.5333,83.3,42,66,6.31,broken clouds,2021-07-26 04:03:53
535,Sahuaripa,MX,29.05,-109.2333,82.27,55,75,3.65,broken clouds,2021-07-26 04:01:36
536,Saint-Pierre,RE,-21.3393,55.4781,69.44,63,0,8.05,clear sky,2021-07-26 04:03:53
537,Bujumbura,BI,-3.3822,29.3644,67.19,66,47,1.59,scattered clouds,2021-07-26 04:03:53
538,Lusambo,CD,-4.9667,23.45,63.09,52,61,3.04,broken clouds,2021-07-26 04:03:54
539,Uwajima,JP,33.2238,132.56,83.48,69,32,3.56,scattered clouds,2021-07-26 04:03:54
540,Coolum Beach,AU,-26.5333,153.1,71.11,36,79,7.2,broken clouds,2021-07-26 04:03:54
541,Asosa,ET,10.0667,34.5333,58.84,99,100,2.44,light rain,2021-07-26 04:03:55
542,Irtyshskiy,RU,58.3333,68.1333,60.03,48,6,14.38,clear sky,2021-07-26 04:03:55
543,Avera,US,33.194,-82.5271,80.71,70,57,1.7,broken clouds,2021-07-26 04:03:55
544,Szendro,HU,48.4,20.7333,65.39,94,63,4.03,broken clouds,2021-07-26 04:03:56
545,Labuhan,ID,-6.8844,112.2051,85.93,52,2,6.26,clear sky,2021-07-26 04:03:56
546,Hithadhoo,MV,-0.6,73.0833,81.59,74,100,5.57,overcast clouds,2021-07-26 04:03:57
547,Auki,SB,-8.7676,160.7034,81.72,72,91,3.53,overcast clouds,2021-07-26 04:03:57
548,Juli,PE,-16.2167,-69.45,39.81,55,53,7.4,broken clouds,2021-07-26 04:03:57
549,Umm Lajj,SA,25.0213,37.2685,85.15,52,9,11.54,clear sky,2021-07-26 04:03:58
550,Beringovskiy,RU,63.05,179.3167,49.55,94,99,6.06,overcast clouds,2021-07-26 04:03:58
551,Sabang,ID,5.8933,95.3214,83.19,77,90,17.56,overcast clouds,2021-07-26 04:03:58
552,Atasu,KZ,48.6814,71.6433,74.5,42,0,19.8,clear sky,2021-07-26 04:03:59
553,Dunedin,NZ,-45.8742,170.5036,50.81,81,100,15.99,overcast clouds,2021-07-26 04:03:59
554,Date,JP,42.4681,140.8681,76.33,62,2,11.59,clear sky,2021-07-26 04:03:59
555,Mosta,MT,35.9092,14.4256,76.44,94,0,5.75,clear sky,2021-07-26 04:04:00
556,Samarai,PG,-10.6167,150.6667,79.5,75,97,16.87,overcast clouds,2021-07-26 04:04:00
557,Saint Anthony,US,45.0205,-93.218,79.63,57,1,3.44,clear sky,2021-07-26 04:04:00
558,Katsuura,JP,35.1333,140.3,87.19,57,79,19.24,broken clouds,2021-07-26 04:04:01
559,Zvishavane,ZW,-20.3267,30.0665,40.44,85,0,2.86,clear sky,2021-07-26 04:04:01
560,Zhengjiatun,CN,43.5064,123.5064,90.1,46,100,20.02,overcast clouds,2021-07-26 04:04:01
561,Sulangan,PH,11.1373,123.7228,85.53,72,100,12.55,overcast clouds,2021-07-26 04:04:02
562,Kwinana,AU,-32.25,115.7667,66.24,76,76,26.96,light rain,2021-07-26 04:04:02
563,Singaparna,ID,-7.3515,108.111,84.34,44,10,4.61,clear sky,2021-07-26 04:04:02
564,Deputatskiy,RU,69.3,139.9,60.31,49,98,4.72,overcast clouds,2021-07-26 04:04:03
565,Northam,GB,51.0333,-4.2167,59.31,96,1,6.13,clear sky,2021-07-26 04:04:03
566,Cap Malheureux,MU,-19.9842,57.6142,70.47,71,0,4.0,clear sky,2021-07-26 04:04:03
567,San Luis,AR,-33.295,-66.3356,46.26,55,14,13.44,few clouds,2021-07-26 04:04:04
568,Togur,RU,58.3631,82.8265,66.78,95,100,7.2,light rain,2021-07-26 04:04:04
569,Vigrestad,NO,58.5667,5.7,70.97,53,71,15.64,broken clouds,2021-07-26 04:04:04
570,Dodge City,US,37.7528,-100.0171,75.63,75,90,10.0,overcast clouds,2021-07-26 04:04:05
571,Barcelona,ES,41.3888,2.159,76.53,67,20,1.99,few clouds,2021-07-26 04:04:05
572,Margate,GB,51.3813,1.3862,64.31,93,90,1.01,overcast clouds,2021-07-26 04:04:06
573,Hit,IQ,33.6416,42.8251,97.07,18,0,9.24,clear sky,2021-07-26 04:04:06
574,Daniel Flores,CR,9.3355,-83.6694,75.76,93,100,2.04,overcast clouds,2021-07-26 04:04:06
575,Port Moresby,PG,-9.4431,147.1797,80.73,75,92,17.05,overcast clouds,2021-07-26 04:04:07
576,Kharp,RU,66.8014,65.8081,51.06,68,99,8.16,overcast clouds,2021-07-26 04:04:07
577,Sompeta,IN,18.9333,84.6,90.55,59,71,6.38,broken clouds,2021-07-26 04:04:07
578,Turhal,TR,40.3875,36.0811,67.98,87,41,2.04,scattered clouds,2021-07-26 04:04:08
579,Honiara,SB,-9.4333,159.95,82.09,79,91,8.81,overcast clouds,2021-07-26 04:04:08
580,Kodinsk,RU,58.6881,99.1844,85.95,33,98,5.88,overcast clouds,2021-07-26 04:04:08
581,Ucluelet,CA,48.9329,-125.5528,69.96,88,12,1.01,few clouds,2021-07-26 04:01:18
582,Libreville,GA,0.3925,9.4537,75.22,88,40,9.22,scattered clouds,2021-07-26 03:59:11
583,Gidam,IN,18.9833,81.4,82.78,69,44,12.01,scattered clouds,2021-07-26 04:04:09
584,Pilar,BR,-9.5972,-35.9567,69.73,96,39,1.5,scattered clouds,2021-07-26 04:04:09
585,Hay River,CA,60.8156,-115.7999,54.66,64,7,6.4,clear sky,2021-07-26 04:03:28
586,San Quintin,MX,30.4833,-115.95,66.74,88,100,7.25,overcast clouds,2021-07-26 04:04:10
587,Constitucion,CL,-35.3333,-72.4167,50.86,93,100,10.18,overcast clouds,2021-07-26 04:04:10
588,Kununurra,AU,-15.7667,128.7333,89.58,25,72,8.05,broken clouds,2021-07-26 04:04:10
589,Latung,PH,5.5,120.8833,83.46,78,63,10.49,broken clouds,2021-07-26 04:04:11
590,Amahai,ID,-3.3333,128.9167,81.14,75,73,8.7,broken clouds,2021-07-26 04:04:11
591,Zhangjiakou,CN,40.81,114.8794,79.09,70,100,6.26,moderate rain,2021-07-26 04:04:11
592,Broken Hill,AU,-31.95,141.4333,62.51,38,6,18.16,clear sky,2021-07-26 04:04:12
593,Bonga,ET,7.2833,36.2333,58.1,100,100,1.54,overcast clouds,2021-07-26 04:04:12
594,Wollongong,AU,-34.4333,150.8833,68.22,55,82,14.99,broken clouds,2021-07-26 04:00:07
595,Obo,CF,5.3998,26.4869,67.28,97,100,3.0,overcast clouds,2021-07-26 04:04:12
596,Skjervoy,NO,70.0311,20.9714,51.8,96,100,1.86,light rain,2021-07-26 04:04:13
597,Tual,ID,-5.6667,132.75,80.02,78,71,20.94,broken clouds,2021-07-26 04:04:13
598,Longyan,CN,25.1072,117.0225,92.14,49,92,5.88,overcast clouds,2021-07-26 04:04:13
599,San Juan,AR,-31.5375,-68.5364,50.86,39,0,9.95,clear sky,2021-07-26 04:04:14
600,Lake Magdalene,US,28.0742,-82.4718,85.01,82,40,3.44,scattered clouds,2021-07-26 04:04:14
601,Alakurtti,RU,66.9672,30.3491,54.63,72,85,6.42,overcast clouds,2021-07-26 04:04:14
602,Krasnokamensk,RU,50.0979,118.0369,69.49,63,51,9.64,broken clouds,2021-07-26 04:04:15
603,Wad Rawah,SD,15.1603,33.1397,77.09,79,92,13.27,overcast clouds,2021-07-26 04:04:15
604,Topeka,US,39.0483,-95.678,77.49,86,20,7.94,few clouds,2021-07-26 03:59:38
605,Oktyabrskiy,RU,54.4815,53.471,63.45,42,2,2.73,clear sky,2021-07-26 04:04:15
606,Finschhafen,PG,-6.6024,147.8681,76.77,94,99,13.15,moderate rain,2021-07-26 04:04:16
607,Santiago Del Estero,AR,-27.7951,-64.2615,50.81,56,1,6.87,clear sky,2021-07-26 04:01:41
608,Puerto El Triunfo,SV,13.2833,-88.55,85.12,84,77,3.6,moderate rain,2021-07-26 04:04:16
609,Panjab,AF,34.388,67.0233,69.67,23,0,6.6,clear sky,2021-07-26 04:04:17
610,Chernyshevskiy,RU,63.0128,112.4714,84.2,31,1,5.46,clear sky,2021-07-26 04:04:17
611,Port Macquarie,AU,-31.4333,152.9167,69.89,39,0,4.32,clear sky,2021-07-26 04:04:17
612,Tarpon Springs,US,28.1461,-82.7568,85.1,78,40,5.01,scattered clouds,2021-07-26 04:04:18
613,Vyartsilya,RU,62.1764,30.693,61.41,83,34,3.74,scattered clouds,2021-07-26 04:04:18
614,Ormara,PK,25.2088,64.6357,82.53,86,100,13.38,overcast clouds,2021-07-26 04:04:18
615,Horn,DE,51.8715,8.9451,64.33,89,75,4.88,broken clouds,2021-07-26 04:04:19
616,Pinawa,CA,50.1489,-95.8811,64.35,56,56,2.8,broken clouds,2021-07-26 04:04:19
617,Lokosovo,RU,61.1333,74.8167,50.18,97,100,14.79,light rain,2021-07-26 04:04:19
618,Komsomolskiy,UZ,40.4272,71.7189,95.72,24,0,4.61,clear sky,2021-07-26 04:04:20
619,Sergiyevsk,RU,53.9413,51.165,64.67,46,66,3.85,broken clouds,2021-07-26 04:04:20
620,Nanning,CN,22.8167,108.3167,91.09,60,3,5.77,clear sky,2021-07-26 04:04:20
621,Havelock,US,34.8791,-76.9013,81.95,90,1,3.44,clear sky,2021-07-26 04:04:21
622,Russell,US,32.3502,-85.1999,79.79,91,20,0.0,few clouds,2021-07-26 04:00:26
623,Erenhot,CN,43.6475,111.9767,70.03,49,83,15.7,broken clouds,2021-07-26 04:04:21
624,Acapulco,MX,16.8634,-99.8901,81.46,86,83,8.28,broken clouds,2021-07-26 04:02:01
625,Buchanan,LR,5.8808,-10.0467,75.52,83,97,6.71,overcast clouds,2021-07-26 04:04:22
626,Peterhead,GB,57.5058,-1.7981,61.2,96,57,11.56,broken clouds,2021-07-26 04:04:22
627,Kysyl-Syr,RU,63.8986,122.7617,88.63,34,1,9.17,clear sky,2021-07-26 04:04:22
628,Sarakhs,IR,36.5449,61.1577,95.43,16,0,24.36,clear sky,2021-07-26 04:04:23
629,Christchurch,NZ,-43.5333,172.6333,57.0,75,75,4.0,broken clouds,2021-07-26 04:04:23
630,Mogadishu,SO,2.0371,45.3438,76.87,76,10,19.04,clear sky,2021-07-26 04:00:58
631,Slave Lake,CA,55.2834,-114.769,60.33,57,93,2.66,overcast clouds,2021-07-26 04:00:24
632,Aklavik,CA,68.2191,-135.0107,49.32,85,100,9.93,overcast clouds,2021-07-26 04:04:24
633,Begamganj,IN,23.6,78.3333,74.23,95,100,14.56,overcast clouds,2021-07-26 04:04:24
634,Panaba,MX,21.2833,-88.2667,76.35,92,69,2.75,broken clouds,2021-07-26 04:04:24
635,Nhulunbuy,AU,-12.2333,136.7667,84.81,54,20,16.11,few clouds,2021-07-26 04:04:25
636,Pyay,MM,18.8167,95.2167,79.79,87,100,4.43,light rain,2021-07-26 04:04:25
637,Laguna,US,38.421,-121.4238,91.22,35,1,1.99,clear sky,2021-07-26 04:04:25
638,Cap-Aux-Meules,CA,47.3821,-61.8597,63.59,84,1,12.53,clear sky,2021-07-26 04:04:26
639,Takapau,NZ,-40.0333,176.35,53.73,90,100,7.4,overcast clouds,2021-07-26 04:04:26
640,Dublin,US,37.7021,-121.9358,75.79,62,1,4.0,clear sky,2021-07-26 04:04:27
641,Port Lincoln,AU,-34.7333,135.8667,61.2,61,63,20.13,broken clouds,2021-07-26 04:04:27
642,Maniitsoq,GL,65.4167,-52.9,47.68,71,100,16.67,overcast clouds,2021-07-26 04:04:27
643,Wilmington,US,34.2257,-77.9447,80.91,92,1,0.0,clear sky,2021-07-26 04:04:28
644,Gilbert,US,33.3528,-111.789,80.58,81,75,1.01,broken clouds,2021-07-26 04:04:28
645,Am Timan,TD,11.0297,20.2827,70.77,89,100,4.07,overcast clouds,2021-07-26 04:04:28
646,Roslyakovo,RU,69.043,33.1991,45.32,75,85,15.12,overcast clouds,2021-07-26 04:04:29
647,Grindavik,IS,63.8424,-22.4338,48.67,93,75,19.57,light intensity drizzle rain,2021-07-26 04:04:29
648,Berlin,DE,52.5244,13.4105,67.98,92,95,5.01,overcast clouds,2021-07-26 04:03:12
649,Wadi Maliz,TN,36.4681,8.5495,79.45,41,42,3.53,scattered clouds,2021-07-26 04:04:30
650,Ballina,AU,-28.8667,153.5667,70.79,34,49,3.0,scattered clouds,2021-07-26 04:04:30
651,Rawdon,CA,46.0501,-73.7159,73.54,88,59,5.14,broken clouds,2021-07-26 04:00:46
652,Shenkursk,RU,62.1091,42.896,61.66,68,82,6.42,broken clouds,2021-07-26 04:04:30
653,Monywa,MM,22.1167,95.1333,79.75,84,100,10.33,overcast clouds,2021-07-26 04:04:31
654,Palmas De Monte Alto,BR,-14.2672,-43.1619,64.99,64,0,7.63,clear sky,2021-07-26 04:04:31
655,Phalodi,IN,27.1333,72.3667,88.61,56,99,15.77,overcast clouds,2021-07-26 04:04:32
656,Hue,VN,16.4667,107.6,98.71,41,40,11.5,scattered clouds,2021-07-26 04:03:14
657,Pires Do Rio,BR,-17.2997,-48.2794,59.04,57,0,4.14,clear sky,2021-07-26 04:04:32
658,Alice Springs,AU,-23.7,133.8833,74.75,21,6,11.99,clear sky,2021-07-26 04:01:17
659,Duzce,TR,40.8389,31.1639,68.88,90,43,0.72,scattered clouds,2021-07-26 04:04:33
660,Lashio,MM,22.9333,97.75,79.41,71,73,3.27,broken clouds,2021-07-26 04:04:33
661,Mapiri,BO,-15.25,-68.1667,69.3,75,73,1.07,broken clouds,2021-07-26 04:04:34
662,Campos Altos,BR,-19.6961,-46.1714,52.57,54,0,3.56,clear sky,2021-07-26 04:04:34
663,Hobyo,SO,5.3505,48.5268,76.32,75,82,23.22,broken clouds,2021-07-26 04:04:34
664,Horodkivka,UA,49.9068,28.9847,65.91,68,83,6.08,broken clouds,2021-07-26 04:04:35
665,Birobidzhan,RU,48.8,132.95,79.54,77,100,2.13,overcast clouds,2021-07-26 04:04:35
666,Fuerte,PH,17.5381,120.3644,83.8,84,100,21.03,light rain,2021-07-26 04:04:35
667,Aykhal,RU,66.0,111.5,83.07,38,6,12.75,clear sky,2021-07-26 04:04:36
668,Binga,ZW,-17.6203,27.3414,51.39,60,15,1.34,few clouds,2021-07-26 04:04:36
669,Gigmoto,PH,13.7796,124.39,87.71,68,100,12.93,overcast clouds,2021-07-26 04:04:36
670,Siemiatycze,PL,52.4272,22.8623,66.25,72,95,10.4,overcast clouds,2021-07-26 04:04:36
671,Kachug,RU,53.9606,105.8817,77.38,44,64,4.34,broken clouds,2021-07-26 04:04:37
672,Nadym,RU,65.5333,72.5167,54.86,59,88,11.9,overcast clouds,2021-07-26 04:04:37
673,Natchez,US,31.5604,-91.4032,82.62,86,1,0.0,clear sky,2021-07-26 04:04:37
674,Champerico,GT,14.3,-91.9167,81.77,76,92,4.32,overcast clouds,2021-07-26 04:04:38
675,Lugovoy,KZ,42.9472,72.7644,94.35,13,0,7.0,clear sky,2021-07-26 04:04:38
676,Florence,IT,43.7667,11.25,75.99,78,0,4.61,clear sky,2021-07-26 04:00:54
677,Freeport,US,40.6576,-73.5832,79.99,91,1,3.0,clear sky,2021-07-26 04:04:39
678,Batagay,RU,67.6333,134.6333,66.18,53,91,4.63,overcast clouds,2021-07-26 04:04:39
679,Sochaczew,PL,52.2294,20.2384,74.19,85,88,8.25,overcast clouds,2021-07-26 04:04:39
680,Bom Jardim,BR,-7.7958,-35.5872,66.45,98,64,3.53,broken clouds,2021-07-26 04:04:40
681,Beloha,MG,-25.1667,45.05,59.23,80,2,11.74,clear sky,2021-07-26 04:04:40
682,Oranjestad,AW,12.524,-70.027,80.51,85,98,13.24,overcast clouds,2021-07-26 04:02:05
683,Kondinskoye,RU,59.6481,67.41,60.24,49,19,11.27,few clouds,2021-07-26 04:04:41
684,Sorong,ID,-0.8833,131.25,86.04,60,100,2.01,overcast clouds,2021-07-26 04:04:41
685,Palmer,US,42.1584,-72.3287,72.01,85,40,0.0,scattered clouds,2021-07-26 04:04:41
686,Pitimbu,BR,-7.4706,-34.8086,73.99,83,63,13.98,broken clouds,2021-07-26 04:04:42
687,Fukuma,JP,33.7667,130.4667,100.29,53,43,7.25,scattered clouds,2021-07-26 04:04:42
688,Dori,BF,14.0354,-0.0345,82.42,63,91,15.28,overcast clouds,2021-07-26 04:04:42
689,Lasa,IT,46.6166,10.7002,61.02,89,100,2.33,moderate rain,2021-07-26 04:04:43
690,Winkler,CA,49.1817,-97.941,71.46,40,6,2.3,clear sky,2021-07-26 04:01:38
691,Hope,US,33.6671,-93.5916,86.07,78,1,1.01,clear sky,2021-07-26 04:04:43
692,Kudahuvadhoo,MV,2.6708,72.8944,82.72,73,95,4.14,overcast clouds,2021-07-26 04:04:43
693,Bac Lieu,VN,9.285,105.7244,87.96,63,76,11.32,broken clouds,2021-07-26 04:01:08
694,Nikolayevsk-Na-Amure,RU,53.1406,140.73,88.07,45,97,7.43,overcast clouds,2021-07-26 04:04:44
695,Pangoa,PE,-12.1167,-73.0,69.89,75,30,2.95,scattered clouds,2021-07-26 04:04:44
696,Madang,PG,-5.2246,145.7966,84.99,64,61,8.3,broken clouds,2021-07-26 04:04:44
697,Renukut,IN,24.2,83.0333,82.15,72,100,10.67,overcast clouds,2021-07-26 04:04:45
698,Ambilobe,MG,-13.2,49.05,62.44,70,20,3.4,few clouds,2021-07-26 04:04:45
699,Sarai Naurang,PK,32.8259,70.7814,100.87,36,3,5.68,clear sky,2021-07-26 04:04:45
700,Ayan,RU,56.45,138.1667,64.54,80,40,8.97,scattered clouds,2021-07-26 04:04:46
701,Acari,PE,-15.4311,-74.6158,63.12,81,25,2.71,scattered clouds,2021-07-26 04:04:46
702,Pindi Bhattian,PK,31.8978,73.273,99.79,39,66,7.67,heavy intensity rain,2021-07-26 04:04:47
703,Monrovia,LR,6.3005,-10.7969,75.72,81,63,7.23,broken clouds,2021-07-26 04:04:47
704,Sayyan,YE,15.1718,44.3244,61.95,69,58,1.86,broken clouds,2021-07-26 04:04:47
